{"stats":{"minecraft:dropped":{"minecraft:iron_ingot":3,"minecraft:wheat_seeds":4,"minecraft:cooked_beef":4,"minecraft:cobblestone":1,"minecraft:red_mushroom":2,"minecraft:stick":7,"max_armory:stone_long_sword":1,"minecraft:jungle_door":1,"minecraft:wooden_sword":1,"minecraft:iron_pickaxe":3,"minecraft:string":1,"minecraft:lily_pad":1,"minecraft:bucket":1,"projectvibrantjourneys:bark_mushroom":1,"minecraft:bone":1,"minecraft:redstone":4,"minecraft:moss_carpet":4,"minecraft:stone_axe":1,"minecraft:coarse_dirt":2,"minecraft:cobblestone_wall":1,"minecraft:wheat":4,"minecraft:birch_sapling":4,"farmersdelight:cabbage_seeds":8,"minecraft:rotten_flesh":2,"sophisticatedbackpacks:backpack":1,"minecraft:cooked_mutton":2,"minecraft:white_bed":1,"projectvibrantjourneys:sea_oats":2,"projectvibrantjourneys:light_brown_bark_mushroom":1,"minecraft:spruce_planks":16,"minecraft:yellow_bed":3,"k_turrets:raw_titanium":8,"minecraft:spider_eye":2,"minecraft:spruce_log":17,"minecraft:wooden_pickaxe":3,"minecraft:stone_pickaxe":6},"minecraft:used":{"minecraft:stone_sword":76,"minecraft:chest":6,"minecraft:spruce_planks":2,"minecraft:iron_sword":71,"minecraft:cooked_salmon":3,"minecraft:cooked_chicken":1,"minecraft:torch":61,"minecraft:dirt":2,"minecraft:carrot":37,"minecraft:honey_bottle":2,"minecraft:wooden_axe":3,"minecraft:quartz_block":2,"minecraft:oak_sapling":2,"minecraft:furnace":8,"minecraft:beetroot_seeds":2,"minecraft:potato":5,"minecraft:cooked_beef":2,"minecraft:wheat_seeds":1,"minecraft:cooked_mutton":8,"max_armory:stone_long_sword":1,"minecraft:stone_pickaxe":831,"minecraft:baked_potato":3,"minecraft:ender_pearl":1,"minecraft:wooden_pickaxe":46,"minecraft:salmon":1,"minecraft:golden_apple":3,"minecraft:crafting_table":7,"minecraft:white_bed":8,"minecraft:spruce_log":2,"minecraft:dark_oak_door":1,"minecraft:bread":2,"minecraft:iron_pickaxe":82,"minecraft:stone_axe":100,"minecraft:wooden_sword":84,"minecraft:cobblestone":129,"minecraft:cooked_porkchop":6,"minecraft:bucket":1,"minecraft:yellow_bed":12,"minecraft:bone_meal":27},"minecraft:killed_by":{"minecraft:player":2,"spore:busser":1,"spore:knight":1,"spore:delusioner":1,"spore:inf_player":7,"minecraft:zombie":1},"minecraft:broken":{"minecraft:stone_sword":1,"minecraft:stone_pickaxe":5,"minecraft:wooden_sword":1},"minecraft:crafted":{"minecraft:cooked_chicken":3,"minecraft:furnace":2,"minecraft:bone_meal":26,"minecraft:cooked_mutton":12,"minecraft:stone_pickaxe":12,"minecraft:chest":3,"minecraft:cooked_beef":13,"minecraft:cooked_porkchop":9,"minecraft:crafting_table":4,"minecraft:spruce_planks":32,"minecraft:baked_potato":9,"minecraft:wooden_pickaxe":2,"minecraft:iron_sword":2,"minecraft:cooked_salmon":4,"minecraft:bucket":1,"minecraft:birch_planks":18,"minecraft:stone_axe":1,"minecraft:air":0,"minecraft:charcoal":13,"minecraft:stick":60,"minecraft:iron_ingot":27,"minecraft:iron_pickaxe":2,"minecraft:wooden_axe":1,"minecraft:gold_ingot":1,"minecraft:stone_sword":2,"minecraft:torch":88},"minecraft:picked_up":{"minecraft:charcoal":8,"minecraft:crafting_table":12,"minecraft:coarse_dirt":3,"minecraft:exposed_copper":2,"minecraft:chicken":6,"minecraft:wooden_pickaxe":4,"minecraft:enchanted_book":5,"minecraft:string":38,"minecraft:moss_carpet":4,"minecraft:raw_copper":27,"create:limestone":89,"minecraft:cooked_salmon":4,"minecraft:smooth_stone_slab":8,"minecraft:iron_leggings":2,"minecraft:deepslate_tiles":1,"minecraft:cobbled_deepslate":6,"minecraft:spruce_planks":40,"minecraft:beef":17,"minecraft:calcite":49,"minecraft:iron_pickaxe":3,"minecraft:chest":4,"minecraft:birch_sapling":4,"farmersdelight:cabbage_seeds":8,"minecraft:furnace":10,"minecraft:stick":7,"minecraft:raw_iron":11,"minecraft:jungle_door":2,"projectvibrantjourneys:bark_mushroom":2,"minecraft:torch":46,"minecraft:bowl":2,"sophisticatedbackpacks:backpack":1,"minecraft:porkchop":10,"pointblank:gunmetal_nugget":12,"psg:sulphur":179,"minecraft:diorite":3,"minecraft:carrot":63,"minecraft:redstone":4,"minecraft:quartz_block":2,"minecraft:stone_sword":6,"minecraft:arrow":8,"minecraft:rotten_flesh":7,"k_turrets:raw_titanium":24,"minecraft:hay_block":22,"minecraft:saddle":3,"minecraft:gold_ingot":2,"minecraft:mutton":21,"minecraft:rail":1,"minecraft:white_wool":8,"minecraft:cobblestone":905,"max_armory:stone_long_sword":1,"minecraft:birch_log":5,"minecraft:cooked_beef":17,"minecraft:iron_door":4,"minecraft:salmon":10,"minecraft:leather":10,"minecraft:red_mushroom":3,"minecraft:potato":16,"minecraft:birch_planks":16,"create:raw_zinc":12,"minecraft:lily_pad":1,"minecraft:cobblestone_stairs":1,"minecraft:yellow_bed":19,"minecraft:cobblestone_wall":2,"minecraft:gunpowder":18,"projectvibrantjourneys:spruce_hollow_log":4,"projectvibrantjourneys:sea_oats":4,"minecraft:dirt":173,"minecraft:leather_boots":2,"minecraft:cooked_mutton":8,"minecraft:bone":14,"minecraft:apple":1,"minecraft:bow":1,"minecraft:wheat_seeds":15,"minecraft:iron_ingot":5,"minecraft:stone_pickaxe":6,"minecraft:cooked_chicken":1,"projectvibrantjourneys:light_brown_bark_mushroom":1,"minecraft:cooked_porkchop":1,"minecraft:dandelion":2,"minecraft:gravel":1,"minecraft:white_bed":14,"minecraft:spruce_log":52,"minecraft:spider_eye":2,"minecraft:iron_hoe":1,"spore:claw_fragment":2,"minecraft:diamond":8,"minecraft:stone_axe":5,"minecraft:iron_helmet":6,"minecraft:golden_apple":1,"minecraft:emerald":3,"minecraft:bread":151,"minecraft:oak_sapling":3,"minecraft:black_wool":1,"minecraft:coal":55},"minecraft:killed":{"hordes:zombie_player":1,"minecraft:pig":4,"minecraft:salmon":6,"minecraft:creeper":1,"minecraft:sheep":9,"minecraft:zombie":3,"ecologics:squirrel":1,"minecraft:cow":4},"minecraft:custom":{"minecraft:mob_kills":29,"minecraft:interact_with_crafting_table":49,"minecraft:open_barrel":2,"minecraft:damage_dealt_resisted":131,"minecraft:leave_game":4,"minecraft:time_since_death":11503,"minecraft:climb_one_cm":8499,"minecraft:sprint_one_cm":764466,"minecraft:walk_one_cm":537753,"minecraft:drop":55,"minecraft:talked_to_villager":2,"minecraft:play_time":195111,"minecraft:sneak_time":1336,"minecraft:deaths":16,"minecraft:walk_under_water_one_cm":28788,"minecraft:jump":2342,"minecraft:walk_on_water_one_cm":73151,"minecraft:total_world_time":195111,"minecraft:interact_with_furnace":90,"minecraft:sleep_in_bed":15,"minecraft:time_since_rest":1135,"minecraft:damage_taken":5422,"minecraft:damage_absorbed":74,"minecraft:damage_dealt":4106,"minecraft:player_kills":2,"minecraft:swim_one_cm":21517,"minecraft:fly_one_cm":317596,"minecraft:open_chest":145,"minecraft:crouch_one_cm":1734,"minecraft:fall_one_cm":43217},"minecraft:mined":{"create:zinc_ore":9,"minecraft:white_bed":11,"minecraft:deepslate_diamond_ore":8,"psg:sulphur_ore":24,"minecraft:grass_block":38,"minecraft:white_stained_glass":2,"minecraft:spruce_leaves":7,"minecraft:red_mushroom":1,"minecraft:light_blue_stained_glass":2,"minecraft:large_fern":1,"minecraft:tall_seagrass":5,"minecraft:furnace":2,"minecraft:carrots":18,"minecraft:iron_ore":7,"minecraft:cobbled_deepslate":2,"minecraft:moss_carpet":1,"minecraft:potatoes":7,"minecraft:dirt_path":2,"minecraft:deepslate_iron_ore":2,"minecraft:vine":2,"minecraft:stone":597,"create:limestone":93,"minecraft:quartz_block":2,"projectvibrantjourneys:sea_oats":2,"minecraft:exposed_copper":2,"psg:deepslate_sulphur_ore":5,"minecraft:crafting_table":6,"minecraft:torch":1,"projectvibrantjourneys:twigs":1,"minecraft:calcite":48,"minecraft:chest":4,"minecraft:white_stained_glass_pane":4,"minecraft:copper_ore":7,"minecraft:tall_grass":21,"minecraft:cobblestone":17,"minecraft:lily_pad":1,"minecraft:diorite":3,"minecraft:iron_door":2,"minecraft:wall_torch":8,"minecraft:seagrass":2,"minecraft:coarse_dirt":1,"minecraft:cobblestone_wall":1,"minecraft:birch_log":6,"minecraft:lapis_block":1,"minecraft:wheat":5,"minecraft:spruce_log":16,"minecraft:birch_leaves":1,"minecraft:yellow_bed":15,"k_turrets:titanium_ore":5,"minecraft:grass":26,"projectvibrantjourneys:spruce_hollow_log":5,"minecraft:coal_ore":50,"projectvibrantjourneys:short_grass":5,"minecraft:dirt":54,"minecraft:cobweb":6,"minecraft:oak_leaves":44,"minecraft:deepslate":4,"minecraft:fern":1}},"DataVersion":3465}