{"stats":{"minecraft:crafted":{"minecraft:oak_planks":96,"minecraft:cobblestone_slab":900,"minecraft:cooked_chicken":3,"minecraft:cobblestone_stairs":16,"minecraft:cooked_mutton":18,"minecraft:dark_oak_door":3,"minecraft:chest":4,"minecraft:cooked_porkchop":12,"minecraft:crafting_table":7,"minecraft:spruce_planks":32,"minecraft:wooden_pickaxe":2,"minecraft:baked_potato":30,"minecraft:birch_planks":18,"minecraft:charcoal":13,"minecraft:stick":168,"minecraft:iron_pickaxe":2,"minecraft:iron_ingot":27,"minecraft:stone_sword":2,"minecraft:gold_ingot":1,"minecraft:cherry_planks":6,"minecraft:stone_shovel":9,"minecraft:furnace":2,"minecraft:bone_meal":32,"minecraft:dark_oak_fence":3,"minecraft:stone_pickaxe":36,"minecraft:dark_oak_planks":44,"minecraft:cooked_beef":13,"minecraft:iron_sword":2,"minecraft:cooked_salmon":4,"minecraft:bucket":2,"minecraft:stone_axe":1,"minecraft:bread":23,"minecraft:air":0,"minecraft:oak_boat":1,"minecraft:wooden_axe":1,"minecraft:torch":128},"minecraft:used":{"minecraft:cherry_sapling":14,"minecraft:chest":29,"minecraft:iron_sword":132,"minecraft:carrot":156,"minecraft:honey_bottle":2,"minecraft:quartz_block":2,"minecraft:stone_bricks":6,"minecraft:oak_sapling":2,"minecraft:furnace":11,"minecraft:beetroot_seeds":2,"minecraft:potato":25,"minecraft:dark_oak_sapling":13,"max_armory:stone_long_sword":1,"minecraft:stone_pickaxe":3728,"minecraft:oak_planks":1,"minecraft:ender_pearl":1,"minecraft:wooden_pickaxe":61,"minecraft:golden_apple":3,"minecraft:bread":26,"minecraft:gravel":35,"minecraft:wooden_sword":84,"minecraft:dark_oak_fence":2,"minecraft:oak_boat":1,"minecraft:bone_meal":33,"minecraft:stone_sword":325,"minecraft:stone_shovel":1098,"minecraft:spruce_planks":2,"tacz:gun_smith_table":3,"minecraft:cooked_salmon":3,"minecraft:cooked_chicken":1,"minecraft:torch":310,"minecraft:dirt":844,"minecraft:dark_oak_planks":1,"minecraft:wooden_axe":3,"minecraft:cooked_beef":2,"minecraft:cherry_log":2,"minecraft:wheat_seeds":75,"minecraft:cooked_mutton":17,"max_armory:iron_machete":12,"minecraft:water_bucket":2,"minecraft:pink_tulip":1,"minecraft:cobblestone_stairs":16,"minecraft:baked_potato":23,"minecraft:cobblestone_slab":28,"minecraft:salmon":1,"minecraft:crafting_table":11,"minecraft:white_bed":9,"max_armory:copper_halberd":50,"minecraft:spruce_log":2,"minecraft:dark_oak_door":4,"minecraft:iron_pickaxe":190,"minecraft:stone_axe":199,"max_armory:copper_machete":4,"minecraft:cobblestone":1707,"minecraft:purple_bed":5,"minecraft:cooked_porkchop":7,"minecraft:bucket":3,"minecraft:yellow_bed":17},"minecraft:broken":{"minecraft:stone_pickaxe":26,"minecraft:wooden_sword":1,"minecraft:stone_shovel":8,"max_armory:copper_halberd":1,"minecraft:stone_sword":1,"minecraft:iron_pickaxe":1},"minecraft:killed":{"minecraft:spider":1,"minecraft:pig":5,"minecraft:salmon":6,"minecraft:creeper":1,"hordes:drowned_player":1,"minecraft:sheep":13,"minecraft:trader_llama":1,"minecraft:zombie":16,"minecraft:cow":4,"hordes:zombie_player":5,"minecraft:phantom":2,"ecologics:squirrel":1},"minecraft:mined":{"minecraft:white_bed":12,"minecraft:cherry_log":4,"minecraft:jungle_leaves":1,"minecraft:grass_block":1021,"tacz:gun_smith_table":2,"minecraft:light_blue_stained_glass":2,"minecraft:tall_seagrass":6,"minecraft:iron_ore":7,"minecraft:cobbled_deepslate":6,"minecraft:moss_carpet":1,"minecraft:enchanting_table":1,"minecraft:dirt_path":4,"minecraft:oak_stairs":31,"minecraft:pink_tulip":4,"create:limestone":93,"minecraft:quartz_block":2,"projectvibrantjourneys:sea_oats":2,"minecraft:exposed_copper":2,"minecraft:kelp_plant":3,"minecraft:blue_stained_glass":2,"minecraft:torch":13,"projectvibrantjourneys:twigs":2,"minecraft:calcite":48,"minecraft:chest":26,"minecraft:white_stained_glass_pane":7,"minecraft:cobblestone":185,"minecraft:sugar_cane":1,"minecraft:oak_planks":25,"minecraft:iron_door":2,"minecraft:wall_torch":21,"minecraft:seagrass":2,"minecraft:dark_oak_door":3,"minecraft:birch_log":6,"minecraft:lapis_block":1,"minecraft:wheat":97,"minecraft:grass":28,"minecraft:oak_log":2,"projectvibrantjourneys:short_grass":6,"minecraft:beetroots":1,"minecraft:dark_oak_sapling":1,"minecraft:dirt":477,"minecraft:oak_leaves":58,"minecraft:deepslate":6,"create:zinc_ore":9,"minecraft:mossy_cobblestone":1,"minecraft:dark_oak_leaves":5,"minecraft:deepslate_diamond_ore":8,"minecraft:cherry_sapling":7,"minecraft:dark_oak_log":11,"psg:sulphur_ore":24,"minecraft:white_stained_glass":2,"minecraft:spruce_leaves":7,"minecraft:red_mushroom":1,"minecraft:kelp":4,"minecraft:large_fern":1,"minecraft:furnace":9,"minecraft:carrots":68,"minecraft:potatoes":22,"minecraft:deepslate_iron_ore":2,"minecraft:vine":2,"minecraft:stone":3317,"minecraft:glass_pane":1,"psg:deepslate_sulphur_ore":5,"minecraft:crafting_table":8,"minecraft:cornflower":2,"minecraft:tall_grass":22,"minecraft:copper_ore":7,"minecraft:lapis_ore":2,"minecraft:lily_pad":1,"minecraft:diorite":3,"minecraft:birch_planks":2,"minecraft:purple_bed":4,"minecraft:coarse_dirt":1,"minecraft:cobblestone_wall":1,"minecraft:spruce_log":16,"minecraft:birch_leaves":1,"minecraft:yellow_bed":20,"k_turrets:titanium_ore":5,"projectvibrantjourneys:spruce_hollow_log":5,"minecraft:coal_ore":55,"minecraft:gravel":2,"minecraft:cobweb":6,"minecraft:stone_bricks":3,"minecraft:fern":1},"minecraft:dropped":{"minecraft:lapis_lazuli":8,"minecraft:cooked_beef":4,"minecraft:red_mushroom":2,"minecraft:dirt":77,"max_armory:stone_long_sword":1,"projectvibrantjourneys:fallen_leaves":6,"minecraft:wooden_sword":1,"minecraft:iron_pickaxe":3,"projectvibrantjourneys:bark_mushroom":1,"minecraft:bone":1,"minecraft:dark_oak_door":1,"minecraft:stone_axe":1,"minecraft:birch_sapling":4,"minecraft:wheat":5,"minecraft:beetroot":2,"minecraft:rotten_flesh":12,"minecraft:oak_planks":32,"minecraft:cooked_mutton":2,"minecraft:white_bed":1,"projectvibrantjourneys:sea_oats":2,"projectvibrantjourneys:light_brown_bark_mushroom":1,"minecraft:gunpowder":2,"minecraft:beetroot_seeds":4,"k_turrets:raw_titanium":8,"minecraft:chest":11,"projectvibrantjourneys:cattail":2,"minecraft:iron_ingot":3,"minecraft:wheat_seeds":10,"minecraft:cobblestone":172,"minecraft:stick":7,"minecraft:torch":61,"minecraft:jungle_door":1,"minecraft:oak_stairs":1,"minecraft:string":1,"minecraft:lily_pad":1,"minecraft:bucket":1,"minecraft:redstone":4,"minecraft:furnace":3,"minecraft:moss_carpet":4,"minecraft:coarse_dirt":2,"minecraft:stone_sword":1,"minecraft:cobblestone_wall":1,"farmersdelight:cabbage_seeds":8,"sophisticatedbackpacks:backpack":1,"pointblank:gunmetal_nugget":7,"minecraft:cobblestone_slab":1220,"minecraft:spruce_planks":16,"minecraft:yellow_bed":6,"max_armory:copper_machete":2,"minecraft:spider_eye":2,"minecraft:spruce_log":17,"minecraft:stone_pickaxe":9,"minecraft:wooden_pickaxe":3},"minecraft:picked_up":{"minecraft:wheat":115,"minecraft:exposed_copper":2,"minecraft:lead":3,"minecraft:oak_stairs":25,"minecraft:enchanted_book":5,"minecraft:string":42,"minecraft:raw_copper":27,"create:limestone":95,"minecraft:cooked_salmon":4,"minecraft:smooth_stone_slab":8,"minecraft:iron_leggings":2,"minecraft:beetroot":3,"minecraft:deepslate_tiles":1,"minecraft:cobbled_deepslate":10,"minecraft:spruce_planks":40,"minecraft:white_tulip":1,"minecraft:cobblestone_slab":348,"minecraft:calcite":53,"minecraft:iron_pickaxe":5,"farmersdelight:cabbage_seeds":8,"minecraft:dark_oak_door":4,"minecraft:furnace":23,"minecraft:stick":99,"minecraft:jungle_door":2,"minecraft:torch":358,"ecologics:coconut_seedling":3,"minecraft:porkchop":13,"psg:sulphur":179,"minecraft:cherry_log":4,"minecraft:diorite":5,"minecraft:quartz_block":2,"minecraft:stone_sword":15,"minecraft:rotten_flesh":65,"minecraft:honey_bottle":2,"farmersdelight:rope":54,"projectvibrantjourneys:cattail":3,"minecraft:spruce_hanging_sign":2,"minecraft:cobblestone":6150,"max_armory:stone_long_sword":1,"minecraft:birch_log":5,"minecraft:enchanting_table":1,"minecraft:cooked_beef":17,"minecraft:iron_door":4,"minecraft:water_bucket":1,"projectvibrantjourneys:fallen_leaves":10,"minecraft:potato":38,"create:raw_zinc":13,"minecraft:lapis_lazuli":16,"minecraft:dirt":2532,"max_armory:iron_machete":2,"minecraft:leather_boots":2,"minecraft:bone":21,"minecraft:bow":2,"minecraft:wheat_seeds":573,"tacz:gun_smith_table":2,"minecraft:oak_planks":239,"minecraft:cooked_porkchop":2,"minecraft:sand":128,"minecraft:dark_oak_log":11,"max_armory:copper_machete":2,"minecraft:mossy_cobblestone":1,"securitycraft:universal_block_remover":4,"minecraft:iron_hoe":1,"minecraft:light_gray_terracotta":9,"minecraft:diamond":8,"minecraft:golden_apple":2,"minecraft:bread":191,"minecraft:golden_horse_armor":1,"minecraft:emerald":3,"minecraft:oak_sapling":4,"minecraft:charcoal":13,"minecraft:crafting_table":15,"minecraft:coarse_dirt":3,"minecraft:azure_bluet":1,"minecraft:chicken":6,"minecraft:wooden_pickaxe":5,"minecraft:cornflower":6,"minecraft:moss_carpet":4,"tacz:ammo":12,"minecraft:beef":17,"minecraft:oak_boat":2,"minecraft:sugar_cane":2,"minecraft:chest":38,"minecraft:birch_sapling":5,"minecraft:phantom_membrane":1,"minecraft:dark_oak_sapling":57,"minecraft:raw_iron":11,"projectvibrantjourneys:bark_mushroom":2,"ecologics:coconut_slice":2,"minecraft:copper_ingot":8,"minecraft:bowl":4,"sophisticatedbackpacks:backpack":1,"pointblank:gunmetal_nugget":59,"farmersdelight:tomato_seeds":6,"minecraft:carrot":208,"minecraft:redstone":4,"minecraft:iron_horse_armor":1,"max_armory:copper_halberd":5,"minecraft:dark_oak_planks":14,"minecraft:arrow":13,"minecraft:beetroot_seeds":4,"k_turrets:raw_titanium":24,"minecraft:hay_block":22,"minecraft:pink_tulip":5,"minecraft:saddle":3,"minecraft:gold_ingot":2,"minecraft:mutton":27,"minecraft:white_wool":8,"minecraft:rail":3,"minecraft:salmon":10,"minecraft:leather":10,"minecraft:red_mushroom":3,"minecraft:birch_planks":26,"minecraft:oak_log":23,"minecraft:lily_pad":5,"minecraft:yellow_bed":30,"minecraft:gunpowder":25,"minecraft:cobblestone_wall":2,"minecraft:cobblestone_stairs":1,"projectvibrantjourneys:spruce_hollow_log":4,"projectvibrantjourneys:sea_oats":5,"minecraft:cooked_mutton":11,"minecraft:apple":2,"minecraft:stone_bricks":1,"minecraft:iron_ingot":5,"minecraft:stone_pickaxe":22,"minecraft:cooked_chicken":1,"minecraft:glass_bottle":1,"minecraft:iron_sword":5,"projectvibrantjourneys:light_brown_bark_mushroom":1,"minecraft:dandelion":9,"minecraft:gravel":110,"minecraft:white_bed":23,"minecraft:spruce_log":52,"minecraft:spider_eye":7,"minecraft:purple_bed":5,"tacz:modern_kinetic_gun":1,"minecraft:stone_axe":15,"minecraft:iron_helmet":6,"minecraft:cherry_sapling":27,"minecraft:black_wool":1,"minecraft:coal":81,"minecraft:ender_pearl":1},"minecraft:custom":{"minecraft:interact_with_crafting_table":101,"minecraft:open_barrel":3,"minecraft:bell_ring":2,"minecraft:leave_game":15,"minecraft:time_since_death":20920,"minecraft:sprint_one_cm":1707063,"minecraft:drop":131,"minecraft:talked_to_villager":5,"minecraft:play_time":613062,"minecraft:deaths":57,"minecraft:jump":5399,"minecraft:walk_on_water_one_cm":146617,"minecraft:interact_with_furnace":125,"minecraft:sleep_in_bed":44,"minecraft:damage_dealt":12846,"minecraft:player_kills":3,"minecraft:crouch_one_cm":119128,"minecraft:mob_kills":57,"minecraft:damage_dealt_resisted":908,"minecraft:climb_one_cm":11472,"minecraft:walk_one_cm":1335283,"minecraft:sneak_time":49355,"minecraft:walk_under_water_one_cm":198150,"minecraft:boat_one_cm":110235,"minecraft:total_world_time":613062,"minecraft:time_since_rest":20970,"minecraft:damage_taken":23415,"minecraft:damage_absorbed":74,"minecraft:swim_one_cm":116972,"minecraft:fly_one_cm":805935,"minecraft:open_chest":392,"minecraft:fall_one_cm":174505},"minecraft:killed_by":{"minecraft:zombie":5,"minecraft:player":5,"minecraft:spider":1,"minecraft:enderman":1,"hordes:zombie_player":3,"minecraft:skeleton":3}},"DataVersion":3465}