{"stats":{"minecraft:crafted":{"minecraft:oak_planks":124,"minecraft:cobblestone_slab":900,"minecraft:cooked_chicken":3,"minecraft:cobblestone_stairs":44,"minecraft:cooked_mutton":18,"minecraft:dark_oak_door":3,"minecraft:bow":1,"minecraft:iron_boots":2,"minecraft:chest":4,"minecraft:cooked_porkchop":40,"minecraft:crafting_table":9,"minecraft:spruce_planks":32,"minecraft:iron_helmet":2,"minecraft:wooden_pickaxe":2,"minecraft:baked_potato":30,"minecraft:birch_planks":18,"minecraft:charcoal":73,"minecraft:shield":2,"minecraft:stick":188,"minecraft:iron_ingot":32,"minecraft:iron_pickaxe":4,"minecraft:stone_sword":2,"minecraft:gold_ingot":6,"minecraft:cherry_planks":210,"minecraft:stone_shovel":9,"minecraft:iron_nugget":54,"minecraft:furnace":2,"minecraft:bone_meal":32,"minecraft:dark_oak_fence":3,"minecraft:stone_pickaxe":40,"minecraft:redstone_block":1,"minecraft:dark_oak_planks":44,"minecraft:cooked_beef":13,"minecraft:cooked_cod":11,"minecraft:iron_sword":4,"minecraft:cooked_salmon":4,"minecraft:bucket":2,"minecraft:stone_axe":3,"minecraft:bread":126,"minecraft:air":0,"minecraft:oak_boat":2,"minecraft:wooden_axe":1,"minecraft:cherry_door":3,"minecraft:iron_leggings":2,"minecraft:torch":232},"minecraft:used":{"minecraft:moss_block":5,"minecraft:cherry_sapling":14,"minecraft:ladder":3,"minecraft:chest":30,"minecraft:iron_sword":710,"minecraft:carrot":159,"minecraft:honey_bottle":2,"minecraft:quartz_block":2,"minecraft:iron_helmet":1,"minecraft:stone_bricks":11,"minecraft:bow":1,"minecraft:oak_sapling":2,"minecraft:furnace":11,"minecraft:cooked_cod":13,"minecraft:beetroot_seeds":2,"minecraft:potato":33,"minecraft:dark_oak_sapling":13,"max_armory:stone_long_sword":1,"minecraft:stone_pickaxe":3871,"minecraft:oak_planks":36,"minecraft:ender_pearl":1,"minecraft:wooden_pickaxe":61,"minecraft:sandstone":6,"max_armory:copper_spear":91,"minecraft:golden_apple":3,"minecraft:glow_berries":2,"minecraft:light_gray_terracotta":9,"minecraft:deepslate_tiles":10,"minecraft:bread":62,"minecraft:gravel":37,"minecraft:wooden_sword":84,"minecraft:dark_oak_fence":2,"minecraft:oak_boat":2,"minecraft:bone_meal":33,"minecraft:stone_sword":591,"minecraft:stone_shovel":1127,"minecraft:spruce_planks":2,"tacz:gun_smith_table":3,"minecraft:cooked_salmon":5,"minecraft:cooked_chicken":1,"minecraft:torch":449,"minecraft:dirt":1267,"minecraft:cobblestone_wall":1,"farmersdelight:rope":13,"minecraft:dark_oak_planks":1,"minecraft:wooden_axe":3,"minecraft:iron_boots":1,"minecraft:barrel":3,"minecraft:cooked_beef":2,"minecraft:cobbled_deepslate":3,"minecraft:cherry_log":2,"minecraft:wheat_seeds":398,"minecraft:cooked_mutton":17,"max_armory:iron_machete":12,"minecraft:water_bucket":3,"minecraft:pink_tulip":1,"minecraft:cobblestone_stairs":44,"minecraft:baked_potato":23,"minecraft:cherry_planks":71,"minecraft:cobblestone_slab":34,"minecraft:salmon":1,"minecraft:music_disc_cat":1,"minecraft:crafting_table":12,"minecraft:white_bed":10,"minecraft:cod":9,"max_armory:copper_halberd":50,"minecraft:spruce_log":2,"minecraft:dark_oak_door":4,"minecraft:cherry_door":5,"minecraft:iron_pickaxe":489,"minecraft:stone_axe":384,"max_armory:copper_machete":4,"minecraft:purple_bed":5,"minecraft:cobblestone":2296,"minecraft:cooked_porkchop":12,"minecraft:red_banner":1,"minecraft:bucket":4,"minecraft:yellow_bed":17,"minecraft:stripped_oak_log":1,"minecraft:jukebox":1},"minecraft:broken":{"minecraft:stone_pickaxe":26,"minecraft:wooden_sword":1,"minecraft:stone_axe":1,"minecraft:iron_sword":1,"minecraft:stone_shovel":9,"max_armory:copper_halberd":1,"minecraft:stone_sword":1,"minecraft:iron_pickaxe":1},"minecraft:killed":{"minecraft:spider":1,"minecraft:cod":21,"minecraft:skeleton":8,"minecraft:guardian":3,"minecraft:pig":8,"minecraft:zombie_villager":1,"minecraft:salmon":6,"minecraft:creeper":4,"hordes:drowned_player":3,"minecraft:sheep":13,"minecraft:trader_llama":1,"minecraft:zombie":37,"minecraft:cow":4,"hordes:zombie_player":27,"minecraft:phantom":7,"minecraft:drowned":4,"minecraft:bat":1,"ecologics:squirrel":1},"minecraft:mined":{"minecraft:white_bed":14,"minecraft:cherry_log":118,"minecraft:jungle_leaves":2,"minecraft:cave_vines_plant":5,"minecraft:grass_block":1126,"tacz:gun_smith_table":2,"minecraft:spawner":2,"minecraft:light_blue_stained_glass":4,"minecraft:tall_seagrass":6,"minecraft:iron_ore":10,"minecraft:barrel":3,"minecraft:cobbled_deepslate":6,"minecraft:moss_carpet":8,"minecraft:enchanting_table":1,"minecraft:cave_vines":11,"minecraft:dirt_path":4,"minecraft:oak_stairs":31,"minecraft:iron_bars":1,"minecraft:pink_tulip":4,"minecraft:azalea":1,"create:limestone":93,"minecraft:brown_mushroom":1,"minecraft:quartz_block":2,"projectvibrantjourneys:sea_oats":2,"minecraft:cyan_terracotta":19,"minecraft:exposed_copper":2,"minecraft:kelp_plant":4,"minecraft:blue_stained_glass":2,"minecraft:light_gray_terracotta":39,"minecraft:torch":19,"projectvibrantjourneys:twigs":2,"minecraft:calcite":48,"minecraft:chest":26,"minecraft:white_stained_glass_pane":7,"minecraft:glass":7,"minecraft:cobblestone":250,"minecraft:oak_planks":42,"minecraft:sugar_cane":1,"minecraft:iron_door":3,"minecraft:wall_torch":24,"minecraft:skeleton_skull":1,"minecraft:seagrass":2,"minecraft:powered_rail":9,"minecraft:dark_oak_door":4,"minecraft:birch_log":6,"minecraft:lapis_block":1,"minecraft:wheat":418,"minecraft:jukebox":1,"minecraft:cherry_door":1,"minecraft:stone_brick_stairs":1,"minecraft:grass":32,"minecraft:cracked_deepslate_tiles":4,"minecraft:oak_log":2,"projectvibrantjourneys:short_grass":7,"minecraft:beetroots":1,"minecraft:dark_oak_sapling":1,"minecraft:dirt":553,"minecraft:oak_leaves":64,"minecraft:deepslate":6,"create:zinc_ore":9,"minecraft:deepslate_tiles":15,"minecraft:mossy_cobblestone":1,"minecraft:dark_oak_leaves":5,"minecraft:deepslate_diamond_ore":8,"minecraft:cherry_sapling":7,"minecraft:dark_oak_log":11,"projectvibrantjourneys:rocks":3,"psg:sulphur_ore":35,"minecraft:ladder":3,"minecraft:white_stained_glass":2,"minecraft:brown_mushroom_block":4,"minecraft:spruce_leaves":8,"minecraft:kelp":4,"minecraft:moss_block":22,"minecraft:red_mushroom":1,"minecraft:sandstone":8,"minecraft:large_fern":1,"minecraft:spore_blossom":1,"minecraft:redstone_ore":22,"minecraft:furnace":9,"minecraft:carrots":70,"farmersdelight:rope":6,"minecraft:potatoes":29,"minecraft:cobblestone_slab":15,"minecraft:deepslate_iron_ore":2,"minecraft:vine":2,"minecraft:rail":105,"minecraft:stripped_oak_log":3,"minecraft:stone":3336,"minecraft:glass_pane":1,"minecraft:cherry_planks":20,"minecraft:hanging_roots":1,"minecraft:stone_brick_slab":5,"psg:deepslate_sulphur_ore":5,"minecraft:crafting_table":9,"minecraft:cornflower":2,"projectvibrantjourneys:mossy_rocks":1,"minecraft:copper_ore":7,"minecraft:tall_grass":23,"minecraft:lapis_ore":7,"minecraft:lily_pad":1,"minecraft:diorite":14,"minecraft:big_dripleaf":3,"minecraft:purple_bed":4,"minecraft:birch_planks":2,"minecraft:coarse_dirt":1,"minecraft:cobblestone_wall":6,"minecraft:redstone_torch":1,"minecraft:ice":9,"minecraft:spruce_log":16,"minecraft:birch_leaves":52,"minecraft:yellow_bed":20,"k_turrets:titanium_ore":5,"projectvibrantjourneys:spruce_hollow_log":5,"minecraft:coal_ore":59,"minecraft:cherry_leaves":10,"minecraft:gravel":5,"minecraft:cobweb":12,"minecraft:polished_andesite":1,"minecraft:stone_bricks":11,"minecraft:fern":1},"minecraft:dropped":{"minecraft:iron_sword":4,"minecraft:moss_block":28,"minecraft:lapis_lazuli":8,"minecraft:cooked_beef":4,"minecraft:spore_blossom":1,"minecraft:cooked_porkchop":3,"minecraft:glow_berries":5,"minecraft:chest_minecart":2,"minecraft:rail":106,"farmersdelight:rice":2,"minecraft:red_mushroom":2,"minecraft:cyan_terracotta":12,"minecraft:dirt":86,"max_armory:stone_long_sword":1,"projectvibrantjourneys:fallen_leaves":6,"minecraft:cracked_deepslate_tiles":3,"minecraft:wooden_sword":1,"minecraft:iron_pickaxe":4,"minecraft:cherry_door":3,"minecraft:dark_oak_boat":2,"minecraft:white_wool":3,"projectvibrantjourneys:bark_mushroom":1,"minecraft:bone":1,"minecraft:gravel":4,"minecraft:dark_oak_door":1,"minecraft:cherry_boat":10,"minecraft:stone_axe":4,"minecraft:detector_rail":3,"minecraft:cobbled_deepslate":2,"minecraft:birch_sapling":4,"minecraft:wheat":5,"minecraft:cherry_sapling":3,"minecraft:beetroot":2,"minecraft:rotten_flesh":20,"minecraft:oak_planks":32,"minecraft:cooked_mutton":2,"minecraft:white_bed":1,"projectvibrantjourneys:sea_oats":2,"projectvibrantjourneys:light_brown_bark_mushroom":1,"minecraft:gunpowder":25,"minecraft:beetroot_seeds":4,"minecraft:chest":11,"minecraft:azalea":1,"k_turrets:raw_titanium":8,"minecraft:powered_rail":9,"projectvibrantjourneys:cattail":2,"tacz:attachment":3,"minecraft:bread":28,"minecraft:iron_ingot":3,"minecraft:wheat_seeds":10,"minecraft:iron_helmet":2,"minecraft:cobblestone":172,"minecraft:apple":1,"minecraft:coal":2,"minecraft:stick":7,"minecraft:torch":62,"minecraft:brown_wool":1,"minecraft:jungle_door":1,"minecraft:iron_leggings":3,"minecraft:oak_stairs":1,"tacz:modern_kinetic_gun":3,"minecraft:iron_axe":1,"minecraft:string":1,"minecraft:lily_pad":1,"minecraft:bucket":1,"minecraft:redstone":4,"minecraft:furnace":3,"minecraft:moss_carpet":4,"minecraft:kelp":2,"minecraft:coarse_dirt":2,"minecraft:stone_sword":3,"minecraft:cobblestone_wall":2,"farmersdelight:cabbage_seeds":8,"minecraft:iron_boots":3,"sophisticatedbackpacks:backpack":3,"pointblank:gunmetal_nugget":9,"minecraft:cobblestone_slab":1228,"minecraft:shield":2,"minecraft:spruce_planks":16,"minecraft:yellow_bed":6,"minecraft:oak_boat":2,"minecraft:redstone_torch":7,"minecraft:spider_eye":2,"max_armory:copper_machete":5,"minecraft:stone_bricks":1,"tacz:ammo":6,"minecraft:spruce_log":17,"minecraft:birch_boat":1,"minecraft:bow":1,"minecraft:wooden_pickaxe":3,"minecraft:stone_pickaxe":11,"minecraft:magma_block":2},"minecraft:picked_up":{"minecraft:wheat":439,"minecraft:exposed_copper":2,"minecraft:lead":4,"minecraft:oak_stairs":25,"minecraft:enchanted_book":5,"minecraft:stone_brick_stairs":1,"minecraft:music_disc_cat":1,"minecraft:string":75,"minecraft:raw_copper":27,"create:limestone":95,"minecraft:cooked_salmon":6,"minecraft:smooth_stone_slab":8,"minecraft:iron_leggings":13,"minecraft:experience_bottle":2,"minecraft:beetroot":3,"minecraft:cherry_boat":28,"minecraft:deepslate_tiles":23,"minecraft:tnt_minecart":4,"minecraft:cobbled_deepslate":17,"minecraft:bucket":1,"minecraft:spruce_planks":40,"minecraft:white_tulip":1,"minecraft:redstone_torch":20,"minecraft:cobblestone_slab":378,"minecraft:calcite":53,"minecraft:azalea":2,"minecraft:iron_pickaxe":32,"farmersdelight:cabbage_seeds":17,"minecraft:dark_oak_door":6,"minecraft:iron_boots":7,"minecraft:furnace":23,"minecraft:stick":330,"minecraft:jungle_door":2,"minecraft:jukebox":1,"minecraft:big_dripleaf":5,"minecraft:oak_fence":1,"minecraft:torch":1171,"ecologics:coconut_seedling":3,"minecraft:porkchop":45,"psg:sulphur":274,"tacz:attachment":2,"minecraft:cherry_log":117,"minecraft:diorite":7,"minecraft:quartz_block":2,"minecraft:stone_sword":40,"minecraft:honey_bottle":2,"minecraft:rotten_flesh":122,"farmersdelight:onion":8,"minecraft:cyan_terracotta":28,"farmersdelight:rope":73,"projectvibrantjourneys:cattail":3,"minecraft:spruce_hanging_sign":2,"minecraft:iron_bars":1,"minecraft:cod":32,"minecraft:cobblestone":7284,"max_armory:stone_long_sword":1,"minecraft:birch_log":5,"minecraft:enchanting_table":1,"minecraft:magma_block":3,"farmersdelight:rice":6,"minecraft:feather":7,"minecraft:cooked_beef":17,"minecraft:cherry_planks":29,"minecraft:iron_door":5,"minecraft:water_bucket":5,"minecraft:brown_wool":1,"projectvibrantjourneys:fallen_leaves":10,"minecraft:dark_oak_boat":2,"minecraft:potato":55,"create:raw_zinc":13,"projectvibrantjourneys:rocks":4,"minecraft:cherry_door":5,"minecraft:lapis_lazuli":61,"minecraft:dirt":3222,"max_armory:iron_machete":2,"minecraft:leather_boots":2,"minecraft:bone":50,"minecraft:bow":8,"minecraft:wheat_seeds":1434,"tacz:gun_smith_table":2,"minecraft:powered_rail":18,"minecraft:moss_block":78,"minecraft:oak_planks":339,"minecraft:cooked_porkchop":21,"minecraft:sand":128,"ecologics:coconut_husk":1,"max_armory:copper_machete":16,"minecraft:dark_oak_log":15,"minecraft:barrel":3,"minecraft:mossy_cobblestone":1,"securitycraft:universal_block_remover":5,"minecraft:iron_hoe":1,"minecraft:light_gray_terracotta":126,"minecraft:sugar":2,"minecraft:diamond":8,"minecraft:golden_apple":3,"minecraft:emerald":3,"minecraft:golden_horse_armor":1,"minecraft:bread":346,"minecraft:oak_sapling":8,"minecraft:coarse_dirt":3,"minecraft:charcoal":31,"minecraft:crafting_table":18,"minecraft:azure_bluet":1,"minecraft:chicken":13,"minecraft:ladder":9,"minecraft:chest_minecart":2,"minecraft:brown_mushroom":3,"minecraft:wooden_pickaxe":5,"minecraft:shield":9,"minecraft:cornflower":6,"minecraft:moss_carpet":23,"minecraft:iron_axe":2,"tacz:ammo":254,"minecraft:cracked_stone_bricks":1,"minecraft:detector_rail":7,"minecraft:beef":43,"minecraft:oak_boat":4,"minecraft:sugar_cane":2,"minecraft:chest":38,"minecraft:birch_sapling":8,"minecraft:phantom_membrane":1,"minecraft:dark_oak_sapling":57,"minecraft:raw_iron":28,"minecraft:sandstone":17,"projectvibrantjourneys:bark_mushroom":2,"ecologics:coconut_slice":14,"minecraft:copper_ingot":8,"minecraft:bowl":4,"sophisticatedbackpacks:backpack":5,"pointblank:gunmetal_nugget":241,"farmersdelight:tomato_seeds":6,"minecraft:carrot":216,"minecraft:redstone":208,"minecraft:iron_horse_armor":1,"max_armory:copper_halberd":5,"minecraft:dark_oak_planks":15,"minecraft:arrow":37,"minecraft:stone_shovel":1,"minecraft:cooked_cod":9,"minecraft:beetroot_seeds":8,"k_turrets:raw_titanium":24,"minecraft:hay_block":22,"minecraft:pink_tulip":5,"minecraft:saddle":3,"minecraft:gold_ingot":2,"minecraft:glow_berries":12,"minecraft:mutton":33,"minecraft:rail":232,"minecraft:skeleton_skull":5,"minecraft:white_wool":11,"minecraft:cracked_deepslate_tiles":5,"minecraft:stripped_oak_log":1,"minecraft:salmon":10,"minecraft:leather":21,"minecraft:red_mushroom":4,"minecraft:birch_planks":175,"minecraft:oak_log":24,"minecraft:lily_pad":5,"max_armory:copper_spear":9,"minecraft:yellow_bed":30,"minecraft:cobblestone_wall":11,"minecraft:gunpowder":49,"minecraft:cobblestone_stairs":1,"projectvibrantjourneys:sea_oats":5,"projectvibrantjourneys:spruce_hollow_log":4,"minecraft:cooked_mutton":11,"minecraft:apple":4,"minecraft:stone_bricks":24,"minecraft:kelp":4,"minecraft:spore_blossom":1,"minecraft:iron_ingot":5,"minecraft:stone_pickaxe":46,"minecraft:cooked_chicken":1,"minecraft:cobweb":16,"minecraft:glass_bottle":1,"minecraft:iron_sword":30,"projectvibrantjourneys:light_brown_bark_mushroom":1,"minecraft:birch_boat":5,"minecraft:stone_brick_slab":2,"minecraft:dandelion":9,"minecraft:gravel":117,"minecraft:red_banner":1,"minecraft:white_bed":25,"minecraft:spruce_log":52,"minecraft:spider_eye":11,"minecraft:pumpkin_seeds":3,"minecraft:purple_bed":5,"minecraft:slime_ball":1,"minecraft:stone_axe":21,"tacz:modern_kinetic_gun":18,"minecraft:iron_helmet":17,"minecraft:cherry_sapling":103,"minecraft:black_wool":1,"minecraft:coal":132,"minecraft:ender_pearl":2},"minecraft:custom":{"minecraft:interact_with_crafting_table":137,"minecraft:open_barrel":50,"minecraft:bell_ring":2,"minecraft:leave_game":25,"minecraft:time_since_death":3906,"minecraft:sprint_one_cm":2462768,"minecraft:drop":228,"minecraft:talked_to_villager":5,"minecraft:play_time":1049298,"minecraft:deaths":102,"minecraft:jump":9938,"minecraft:walk_on_water_one_cm":365194,"minecraft:enchant_item":3,"minecraft:interact_with_furnace":183,"minecraft:play_record":1,"minecraft:sleep_in_bed":65,"minecraft:damage_dealt":33067,"minecraft:player_kills":13,"minecraft:crouch_one_cm":145448,"minecraft:mob_kills":154,"minecraft:damage_dealt_resisted":2902,"minecraft:climb_one_cm":39020,"minecraft:walk_one_cm":2155923,"minecraft:sneak_time":74064,"minecraft:walk_under_water_one_cm":594710,"minecraft:boat_one_cm":402380,"minecraft:total_world_time":1049298,"minecraft:time_since_rest":3945,"minecraft:damage_absorbed":74,"minecraft:damage_taken":41635,"minecraft:swim_one_cm":610389,"minecraft:fly_one_cm":1527793,"minecraft:open_chest":776,"minecraft:fall_one_cm":320184},"minecraft:killed_by":{"minecraft:creeper":1,"minecraft:drowned":1,"hordes:drowned_player":1,"minecraft:zombie":18,"minecraft:player":16,"minecraft:spider":2,"minecraft:enderman":2,"hordes:zombie_player":10,"minecraft:skeleton":6}},"DataVersion":3465}