{"stats":{"minecraft:used":{"minecraft:stone_sword":224,"minecraft:chest":27,"tacz:gun_smith_table":3,"minecraft:spruce_planks":2,"minecraft:iron_sword":87,"minecraft:cooked_salmon":3,"minecraft:cooked_chicken":1,"minecraft:torch":70,"minecraft:dirt":11,"minecraft:carrot":156,"minecraft:honey_bottle":2,"minecraft:wooden_axe":3,"minecraft:quartz_block":2,"minecraft:stone_bricks":6,"minecraft:oak_sapling":2,"minecraft:furnace":11,"minecraft:beetroot_seeds":2,"minecraft:cooked_beef":2,"minecraft:potato":21,"minecraft:wheat_seeds":1,"minecraft:cooked_mutton":17,"minecraft:water_bucket":1,"max_armory:stone_long_sword":1,"minecraft:oak_planks":1,"minecraft:stone_pickaxe":996,"minecraft:baked_potato":10,"minecraft:ender_pearl":1,"minecraft:wooden_pickaxe":57,"minecraft:salmon":1,"minecraft:golden_apple":3,"minecraft:crafting_table":8,"minecraft:white_bed":9,"minecraft:spruce_log":2,"minecraft:dark_oak_door":1,"minecraft:iron_pickaxe":93,"minecraft:bread":6,"minecraft:gravel":35,"max_armory:copper_machete":4,"minecraft:stone_axe":199,"minecraft:wooden_sword":84,"minecraft:cobblestone":501,"minecraft:purple_bed":5,"minecraft:cooked_porkchop":7,"minecraft:bucket":3,"minecraft:oak_boat":1,"minecraft:yellow_bed":17,"minecraft:bone_meal":27},"minecraft:killed_by":{"minecraft:player":4,"hordes:zombie_player":2,"minecraft:skeleton":1,"minecraft:zombie":2},"minecraft:broken":{"minecraft:stone_sword":1,"minecraft:stone_pickaxe":5,"minecraft:wooden_sword":1},"minecraft:killed":{"hordes:zombie_player":2,"minecraft:pig":5,"minecraft:salmon":6,"minecraft:creeper":1,"minecraft:sheep":13,"minecraft:zombie":10,"ecologics:squirrel":1,"minecraft:cow":4},"minecraft:picked_up":{"minecraft:charcoal":13,"minecraft:coarse_dirt":3,"minecraft:crafting_table":14,"minecraft:wheat":44,"minecraft:azure_bluet":1,"minecraft:exposed_copper":2,"minecraft:chicken":6,"minecraft:wooden_pickaxe":4,"minecraft:oak_stairs":25,"minecraft:enchanted_book":5,"minecraft:cornflower":3,"minecraft:string":40,"minecraft:moss_carpet":4,"minecraft:raw_copper":27,"create:limestone":95,"minecraft:cooked_salmon":4,"minecraft:smooth_stone_slab":8,"minecraft:iron_leggings":2,"minecraft:beetroot":3,"minecraft:deepslate_tiles":1,"minecraft:cobbled_deepslate":10,"minecraft:spruce_planks":40,"minecraft:beef":17,"minecraft:oak_boat":2,"minecraft:calcite":53,"minecraft:iron_pickaxe":3,"minecraft:phantom_membrane":1,"minecraft:sugar_cane":2,"minecraft:chest":36,"minecraft:birch_sapling":4,"minecraft:dark_oak_door":1,"farmersdelight:cabbage_seeds":8,"minecraft:furnace":23,"minecraft:stick":71,"minecraft:raw_iron":11,"minecraft:jungle_door":2,"ecologics:coconut_slice":2,"minecraft:copper_ingot":8,"projectvibrantjourneys:bark_mushroom":2,"minecraft:torch":76,"minecraft:bowl":4,"sophisticatedbackpacks:backpack":1,"minecraft:porkchop":13,"pointblank:gunmetal_nugget":49,"psg:sulphur":179,"farmersdelight:tomato_seeds":6,"minecraft:diorite":5,"minecraft:carrot":191,"minecraft:redstone":4,"minecraft:iron_horse_armor":1,"minecraft:honey_bottle":2,"minecraft:quartz_block":2,"minecraft:stone_sword":12,"minecraft:arrow":10,"minecraft:rotten_flesh":54,"minecraft:beetroot_seeds":4,"k_turrets:raw_titanium":24,"minecraft:hay_block":22,"farmersdelight:rope":54,"projectvibrantjourneys:cattail":3,"minecraft:saddle":3,"minecraft:gold_ingot":2,"minecraft:spruce_hanging_sign":2,"minecraft:mutton":27,"minecraft:rail":3,"minecraft:white_wool":8,"minecraft:cobblestone":2126,"max_armory:stone_long_sword":1,"minecraft:birch_log":5,"minecraft:enchanting_table":1,"minecraft:cooked_beef":17,"minecraft:iron_door":4,"minecraft:salmon":10,"projectvibrantjourneys:fallen_leaves":10,"minecraft:leather":10,"minecraft:red_mushroom":3,"minecraft:potato":34,"minecraft:birch_planks":16,"minecraft:lapis_lazuli":4,"minecraft:oak_log":2,"create:raw_zinc":12,"minecraft:lily_pad":1,"minecraft:yellow_bed":30,"minecraft:cobblestone_wall":2,"minecraft:gunpowder":24,"minecraft:cobblestone_stairs":1,"projectvibrantjourneys:spruce_hollow_log":4,"projectvibrantjourneys:sea_oats":5,"minecraft:dirt":358,"max_armory:iron_machete":1,"minecraft:cooked_mutton":11,"minecraft:leather_boots":2,"minecraft:bone":16,"minecraft:stone_bricks":1,"minecraft:apple":1,"minecraft:bow":1,"minecraft:wheat_seeds":97,"minecraft:iron_ingot":5,"minecraft:stone_pickaxe":9,"minecraft:cooked_chicken":1,"minecraft:glass_bottle":1,"tacz:gun_smith_table":2,"minecraft:oak_planks":101,"projectvibrantjourneys:light_brown_bark_mushroom":1,"minecraft:cooked_porkchop":1,"minecraft:dandelion":7,"minecraft:gravel":108,"minecraft:sand":127,"minecraft:light_gray_terracotta":9,"minecraft:white_bed":22,"minecraft:spruce_log":52,"minecraft:mossy_cobblestone":1,"max_armory:copper_machete":2,"minecraft:spider_eye":6,"minecraft:iron_hoe":1,"minecraft:purple_bed":5,"minecraft:diamond":8,"minecraft:stone_axe":15,"minecraft:iron_helmet":6,"minecraft:golden_apple":2,"minecraft:golden_horse_armor":1,"minecraft:emerald":3,"minecraft:bread":151,"minecraft:oak_sapling":4,"minecraft:black_wool":1,"minecraft:coal":61,"minecraft:ender_pearl":1},"minecraft:mined":{"create:zinc_ore":9,"minecraft:white_bed":12,"minecraft:mossy_cobblestone":1,"minecraft:deepslate_diamond_ore":8,"psg:sulphur_ore":24,"minecraft:grass_block":56,"minecraft:white_stained_glass":2,"minecraft:spruce_leaves":7,"minecraft:kelp":4,"minecraft:red_mushroom":1,"tacz:gun_smith_table":2,"minecraft:light_blue_stained_glass":2,"minecraft:large_fern":1,"minecraft:tall_seagrass":5,"minecraft:carrots":68,"minecraft:furnace":9,"minecraft:iron_ore":7,"minecraft:cobbled_deepslate":6,"minecraft:moss_carpet":1,"minecraft:enchanting_table":1,"minecraft:potatoes":18,"minecraft:dirt_path":2,"minecraft:deepslate_iron_ore":2,"minecraft:vine":2,"minecraft:oak_stairs":31,"minecraft:stone":671,"create:limestone":93,"minecraft:glass_pane":1,"minecraft:quartz_block":2,"projectvibrantjourneys:sea_oats":2,"minecraft:exposed_copper":2,"minecraft:kelp_plant":3,"minecraft:cornflower":1,"minecraft:blue_stained_glass":2,"psg:deepslate_sulphur_ore":5,"minecraft:crafting_table":7,"minecraft:torch":2,"projectvibrantjourneys:twigs":2,"minecraft:calcite":48,"minecraft:chest":24,"minecraft:white_stained_glass_pane":7,"minecraft:copper_ore":7,"minecraft:tall_grass":22,"minecraft:cobblestone":91,"minecraft:lapis_ore":1,"minecraft:sugar_cane":1,"minecraft:lily_pad":1,"minecraft:oak_planks":25,"minecraft:diorite":3,"minecraft:iron_door":2,"minecraft:wall_torch":8,"minecraft:seagrass":2,"minecraft:purple_bed":4,"minecraft:coarse_dirt":1,"minecraft:cobblestone_wall":1,"minecraft:dark_oak_door":1,"minecraft:lapis_block":1,"minecraft:birch_log":6,"minecraft:wheat":24,"minecraft:spruce_log":16,"minecraft:oak_log":2,"minecraft:birch_leaves":1,"minecraft:yellow_bed":20,"minecraft:grass":28,"k_turrets:titanium_ore":5,"projectvibrantjourneys:spruce_hollow_log":5,"minecraft:coal_ore":50,"projectvibrantjourneys:short_grass":6,"minecraft:beetroots":1,"minecraft:dirt":92,"minecraft:cobweb":6,"minecraft:stone_bricks":3,"minecraft:oak_leaves":58,"minecraft:deepslate":6,"minecraft:fern":1},"minecraft:crafted":{"minecraft:oak_planks":12,"minecraft:cooked_chicken":3,"minecraft:furnace":2,"minecraft:bone_meal":26,"minecraft:cooked_mutton":18,"minecraft:stone_pickaxe":16,"minecraft:chest":3,"minecraft:cooked_beef":13,"minecraft:cooked_porkchop":12,"minecraft:crafting_table":5,"minecraft:spruce_planks":32,"minecraft:baked_potato":13,"minecraft:wooden_pickaxe":2,"minecraft:iron_sword":2,"minecraft:cooked_salmon":4,"minecraft:bucket":2,"minecraft:birch_planks":18,"minecraft:stone_axe":1,"minecraft:air":0,"minecraft:oak_boat":1,"minecraft:charcoal":13,"minecraft:stick":84,"minecraft:iron_ingot":27,"minecraft:iron_pickaxe":2,"minecraft:wooden_axe":1,"minecraft:stone_sword":2,"minecraft:gold_ingot":1,"minecraft:torch":96},"minecraft:custom":{"minecraft:mob_kills":43,"minecraft:interact_with_crafting_table":60,"minecraft:open_barrel":3,"minecraft:bell_ring":2,"minecraft:damage_dealt_resisted":371,"minecraft:leave_game":10,"minecraft:time_since_death":26368,"minecraft:climb_one_cm":11341,"minecraft:sprint_one_cm":1204363,"minecraft:walk_one_cm":849356,"minecraft:drop":103,"minecraft:talked_to_villager":4,"minecraft:play_time":335591,"minecraft:sneak_time":5494,"minecraft:deaths":42,"minecraft:walk_under_water_one_cm":73508,"minecraft:boat_one_cm":91337,"minecraft:jump":3663,"minecraft:walk_on_water_one_cm":97836,"minecraft:total_world_time":335591,"minecraft:interact_with_furnace":116,"minecraft:sleep_in_bed":28,"minecraft:time_since_rest":5714,"minecraft:damage_taken":13326,"minecraft:damage_absorbed":74,"minecraft:damage_dealt":8203,"minecraft:player_kills":2,"minecraft:swim_one_cm":53818,"minecraft:fly_one_cm":507834,"minecraft:open_chest":241,"minecraft:crouch_one_cm":10728,"minecraft:fall_one_cm":75256},"minecraft:dropped":{"minecraft:iron_ingot":3,"minecraft:wheat_seeds":10,"minecraft:cooked_beef":4,"minecraft:cobblestone":171,"minecraft:red_mushroom":2,"minecraft:stick":7,"minecraft:dirt":77,"max_armory:stone_long_sword":1,"minecraft:torch":43,"projectvibrantjourneys:fallen_leaves":6,"minecraft:jungle_door":1,"minecraft:oak_stairs":1,"minecraft:wooden_sword":1,"minecraft:iron_pickaxe":3,"minecraft:string":1,"minecraft:lily_pad":1,"minecraft:bucket":1,"projectvibrantjourneys:bark_mushroom":1,"minecraft:redstone":4,"minecraft:bone":1,"minecraft:furnace":3,"minecraft:stone_axe":1,"minecraft:moss_carpet":4,"minecraft:stone_sword":1,"minecraft:coarse_dirt":2,"minecraft:cobblestone_wall":1,"minecraft:birch_sapling":4,"minecraft:wheat":5,"farmersdelight:cabbage_seeds":8,"minecraft:beetroot":2,"minecraft:rotten_flesh":12,"sophisticatedbackpacks:backpack":1,"minecraft:cooked_mutton":2,"minecraft:white_bed":1,"pointblank:gunmetal_nugget":7,"projectvibrantjourneys:sea_oats":2,"projectvibrantjourneys:light_brown_bark_mushroom":1,"minecraft:gunpowder":2,"minecraft:spruce_planks":16,"minecraft:chest":11,"minecraft:beetroot_seeds":4,"minecraft:yellow_bed":6,"k_turrets:raw_titanium":8,"max_armory:copper_machete":2,"minecraft:spider_eye":2,"minecraft:spruce_log":17,"projectvibrantjourneys:cattail":2,"minecraft:stone_pickaxe":7,"minecraft:wooden_pickaxe":3}},"DataVersion":3465}