{"stats":{"minecraft:custom":{"minecraft:mob_kills":31,"minecraft:interact_with_crafting_table":52,"minecraft:open_barrel":2,"minecraft:damage_dealt_resisted":131,"minecraft:leave_game":8,"minecraft:time_since_death":288,"minecraft:climb_one_cm":8634,"minecraft:sprint_one_cm":835174,"minecraft:walk_one_cm":629930,"minecraft:drop":63,"minecraft:talked_to_villager":2,"minecraft:play_time":239836,"minecraft:sneak_time":1872,"minecraft:deaths":36,"minecraft:walk_under_water_one_cm":29082,"minecraft:jump":2481,"minecraft:walk_on_water_one_cm":74389,"minecraft:total_world_time":239836,"minecraft:interact_with_furnace":99,"minecraft:sleep_in_bed":18,"minecraft:time_since_rest":856,"minecraft:damage_taken":10991,"minecraft:damage_absorbed":74,"minecraft:damage_dealt":5401,"minecraft:player_kills":2,"minecraft:swim_one_cm":21517,"minecraft:fly_one_cm":328964,"minecraft:crouch_one_cm":2445,"minecraft:open_chest":172,"minecraft:fall_one_cm":45842},"minecraft:used":{"minecraft:stone_sword":96,"minecraft:chest":6,"tacz:gun_smith_table":2,"minecraft:spruce_planks":2,"minecraft:iron_sword":87,"minecraft:cooked_salmon":3,"minecraft:cooked_chicken":1,"minecraft:torch":70,"minecraft:dirt":2,"minecraft:carrot":56,"minecraft:honey_bottle":2,"minecraft:wooden_axe":3,"minecraft:quartz_block":2,"minecraft:oak_sapling":2,"minecraft:furnace":8,"minecraft:beetroot_seeds":2,"minecraft:cooked_beef":2,"minecraft:potato":5,"minecraft:wheat_seeds":1,"minecraft:cooked_mutton":8,"minecraft:water_bucket":1,"max_armory:stone_long_sword":1,"minecraft:stone_pickaxe":849,"minecraft:baked_potato":6,"minecraft:ender_pearl":1,"minecraft:wooden_pickaxe":46,"minecraft:salmon":1,"minecraft:golden_apple":3,"minecraft:crafting_table":8,"minecraft:white_bed":8,"minecraft:spruce_log":2,"minecraft:dark_oak_door":1,"minecraft:iron_pickaxe":93,"minecraft:bread":2,"max_armory:copper_machete":4,"minecraft:stone_axe":109,"minecraft:wooden_sword":84,"minecraft:cobblestone":159,"minecraft:cooked_porkchop":6,"minecraft:bucket":2,"minecraft:yellow_bed":13,"minecraft:bone_meal":27},"minecraft:picked_up":{"minecraft:charcoal":8,"minecraft:coarse_dirt":3,"minecraft:crafting_table":13,"minecraft:azure_bluet":1,"minecraft:exposed_copper":2,"minecraft:chicken":6,"minecraft:wooden_pickaxe":4,"minecraft:enchanted_book":5,"minecraft:cornflower":2,"minecraft:string":38,"minecraft:moss_carpet":4,"minecraft:raw_copper":27,"create:limestone":95,"minecraft:cooked_salmon":4,"minecraft:smooth_stone_slab":8,"minecraft:iron_leggings":2,"minecraft:deepslate_tiles":1,"minecraft:cobbled_deepslate":8,"minecraft:spruce_planks":40,"minecraft:beef":17,"minecraft:calcite":53,"minecraft:iron_pickaxe":3,"minecraft:chest":4,"minecraft:birch_sapling":4,"farmersdelight:cabbage_seeds":8,"minecraft:furnace":10,"minecraft:stick":44,"minecraft:raw_iron":11,"minecraft:jungle_door":2,"minecraft:copper_ingot":6,"projectvibrantjourneys:bark_mushroom":2,"minecraft:torch":72,"minecraft:bowl":2,"sophisticatedbackpacks:backpack":1,"minecraft:porkchop":10,"pointblank:gunmetal_nugget":24,"psg:sulphur":179,"minecraft:diorite":5,"minecraft:carrot":113,"minecraft:redstone":4,"minecraft:quartz_block":2,"minecraft:stone_sword":9,"minecraft:arrow":8,"minecraft:rotten_flesh":13,"k_turrets:raw_titanium":24,"minecraft:hay_block":22,"minecraft:saddle":3,"minecraft:gold_ingot":2,"minecraft:mutton":21,"minecraft:rail":1,"minecraft:white_wool":8,"minecraft:cobblestone":1581,"max_armory:stone_long_sword":1,"minecraft:birch_log":5,"minecraft:cooked_beef":17,"minecraft:iron_door":4,"minecraft:salmon":10,"minecraft:leather":10,"minecraft:red_mushroom":3,"minecraft:potato":16,"minecraft:birch_planks":16,"create:raw_zinc":12,"minecraft:lily_pad":1,"minecraft:yellow_bed":22,"minecraft:cobblestone_wall":2,"minecraft:gunpowder":20,"minecraft:cobblestone_stairs":1,"projectvibrantjourneys:sea_oats":4,"projectvibrantjourneys:spruce_hollow_log":4,"minecraft:dirt":176,"minecraft:cooked_mutton":8,"minecraft:leather_boots":2,"minecraft:bone":14,"minecraft:apple":1,"minecraft:bow":1,"minecraft:wheat_seeds":16,"minecraft:iron_ingot":5,"minecraft:stone_pickaxe":6,"minecraft:cooked_chicken":1,"tacz:gun_smith_table":2,"minecraft:oak_planks":32,"projectvibrantjourneys:light_brown_bark_mushroom":1,"minecraft:cooked_porkchop":1,"spore:armor_fragment":6,"minecraft:dandelion":5,"minecraft:gravel":1,"minecraft:sand":127,"minecraft:white_bed":21,"minecraft:spruce_log":52,"max_armory:copper_machete":2,"minecraft:spider_eye":2,"minecraft:iron_hoe":1,"spore:claw_fragment":8,"minecraft:diamond":8,"minecraft:stone_axe":11,"minecraft:iron_helmet":6,"minecraft:golden_apple":1,"minecraft:emerald":3,"minecraft:bread":151,"minecraft:oak_sapling":3,"minecraft:black_wool":1,"minecraft:coal":55},"minecraft:killed_by":{"minecraft:player":3,"spore:busser":1,"spore:knight":1,"spore:inf_human":4,"spore:inquisitor":2,"spore:delusioner":1,"spore:inf_player":16,"spore:inf_husk":1,"spore:braiomil":1,"minecraft:skeleton":1,"minecraft:zombie":1,"spore:brot":1},"minecraft:crafted":{"minecraft:oak_planks":12,"minecraft:cooked_chicken":3,"minecraft:furnace":2,"minecraft:bone_meal":26,"minecraft:cooked_mutton":12,"minecraft:stone_pickaxe":13,"minecraft:chest":3,"minecraft:cooked_beef":13,"minecraft:cooked_porkchop":9,"minecraft:crafting_table":5,"minecraft:spruce_planks":32,"minecraft:baked_potato":9,"minecraft:wooden_pickaxe":2,"minecraft:iron_sword":2,"minecraft:cooked_salmon":4,"minecraft:bucket":1,"minecraft:birch_planks":18,"minecraft:stone_axe":1,"minecraft:air":0,"minecraft:charcoal":13,"minecraft:stick":76,"minecraft:iron_ingot":27,"minecraft:iron_pickaxe":2,"minecraft:wooden_axe":1,"minecraft:stone_sword":2,"minecraft:gold_ingot":1,"minecraft:torch":88},"minecraft:dropped":{"minecraft:iron_ingot":3,"minecraft:wheat_seeds":4,"minecraft:cooked_beef":4,"minecraft:cobblestone":157,"minecraft:red_mushroom":2,"minecraft:stick":7,"max_armory:stone_long_sword":1,"minecraft:torch":43,"minecraft:jungle_door":1,"minecraft:wooden_sword":1,"minecraft:iron_pickaxe":3,"minecraft:string":1,"minecraft:lily_pad":1,"minecraft:bucket":1,"projectvibrantjourneys:bark_mushroom":1,"minecraft:redstone":4,"minecraft:bone":1,"minecraft:stone_axe":1,"minecraft:moss_carpet":4,"minecraft:coarse_dirt":2,"minecraft:cobblestone_wall":1,"minecraft:birch_sapling":4,"minecraft:wheat":4,"farmersdelight:cabbage_seeds":8,"minecraft:rotten_flesh":2,"sophisticatedbackpacks:backpack":1,"minecraft:cooked_mutton":2,"minecraft:white_bed":1,"projectvibrantjourneys:sea_oats":2,"projectvibrantjourneys:light_brown_bark_mushroom":1,"minecraft:spruce_planks":16,"minecraft:yellow_bed":3,"k_turrets:raw_titanium":8,"max_armory:copper_machete":2,"minecraft:spider_eye":2,"minecraft:spruce_log":17,"minecraft:stone_pickaxe":6,"minecraft:wooden_pickaxe":3},"minecraft:mined":{"create:zinc_ore":9,"spore:wall_growths_big":2,"minecraft:white_bed":11,"minecraft:deepslate_diamond_ore":8,"psg:sulphur_ore":24,"minecraft:grass_block":38,"minecraft:white_stained_glass":2,"minecraft:spruce_leaves":7,"minecraft:red_mushroom":1,"tacz:gun_smith_table":2,"minecraft:light_blue_stained_glass":2,"minecraft:large_fern":1,"minecraft:tall_seagrass":5,"minecraft:carrots":31,"minecraft:furnace":2,"minecraft:iron_ore":7,"spore:blomfung":1,"minecraft:cobbled_deepslate":2,"minecraft:moss_carpet":1,"minecraft:potatoes":7,"minecraft:dirt_path":2,"minecraft:deepslate_iron_ore":2,"minecraft:vine":2,"minecraft:stone":605,"create:limestone":93,"minecraft:quartz_block":2,"projectvibrantjourneys:sea_oats":2,"minecraft:exposed_copper":2,"psg:deepslate_sulphur_ore":5,"minecraft:crafting_table":7,"minecraft:torch":2,"projectvibrantjourneys:twigs":1,"minecraft:calcite":48,"minecraft:chest":4,"minecraft:white_stained_glass_pane":4,"minecraft:copper_ore":7,"minecraft:tall_grass":21,"minecraft:cobblestone":32,"minecraft:lily_pad":1,"minecraft:diorite":3,"minecraft:iron_door":2,"minecraft:wall_torch":8,"minecraft:seagrass":2,"minecraft:coarse_dirt":1,"minecraft:cobblestone_wall":1,"minecraft:lapis_block":1,"minecraft:birch_log":6,"minecraft:wheat":5,"minecraft:spruce_log":16,"minecraft:birch_leaves":1,"minecraft:yellow_bed":15,"minecraft:grass":26,"k_turrets:titanium_ore":5,"projectvibrantjourneys:spruce_hollow_log":5,"minecraft:coal_ore":50,"projectvibrantjourneys:short_grass":5,"minecraft:dirt":57,"minecraft:cobweb":6,"minecraft:oak_leaves":47,"spore:remains":1,"minecraft:deepslate":6,"minecraft:fern":1},"minecraft:broken":{"minecraft:stone_sword":1,"minecraft:stone_pickaxe":5,"minecraft:wooden_sword":1},"minecraft:killed":{"hordes:zombie_player":1,"minecraft:pig":4,"minecraft:salmon":6,"minecraft:creeper":1,"minecraft:sheep":9,"minecraft:zombie":4,"spore:inf_human":1,"ecologics:squirrel":1,"minecraft:cow":4}},"DataVersion":3465}