{"stats":{"minecraft:crafted":{"minecraft:oak_planks":96,"minecraft:cobblestone_slab":900,"minecraft:cooked_chicken":3,"minecraft:cobblestone_stairs":44,"minecraft:cooked_mutton":18,"minecraft:dark_oak_door":3,"minecraft:bow":1,"minecraft:chest":4,"minecraft:cooked_porkchop":12,"minecraft:crafting_table":8,"minecraft:spruce_planks":32,"minecraft:wooden_pickaxe":2,"minecraft:baked_potato":30,"minecraft:birch_planks":18,"minecraft:charcoal":69,"minecraft:stick":188,"minecraft:iron_ingot":27,"minecraft:iron_pickaxe":3,"minecraft:stone_sword":2,"minecraft:gold_ingot":1,"minecraft:cherry_planks":202,"minecraft:stone_shovel":9,"minecraft:furnace":2,"minecraft:bone_meal":32,"minecraft:dark_oak_fence":3,"minecraft:stone_pickaxe":36,"minecraft:dark_oak_planks":44,"minecraft:cooked_beef":13,"minecraft:cooked_cod":8,"minecraft:iron_sword":3,"minecraft:cooked_salmon":4,"minecraft:bucket":2,"minecraft:stone_axe":3,"minecraft:bread":69,"minecraft:air":0,"minecraft:oak_boat":1,"minecraft:wooden_axe":1,"minecraft:cherry_door":3,"minecraft:torch":216},"minecraft:used":{"minecraft:moss_block":5,"minecraft:cherry_sapling":14,"minecraft:chest":29,"minecraft:iron_sword":502,"minecraft:carrot":157,"minecraft:honey_bottle":2,"minecraft:quartz_block":2,"minecraft:stone_bricks":6,"minecraft:oak_sapling":2,"minecraft:furnace":11,"minecraft:cooked_cod":10,"minecraft:beetroot_seeds":2,"minecraft:potato":31,"minecraft:dark_oak_sapling":13,"max_armory:stone_long_sword":1,"minecraft:stone_pickaxe":3822,"minecraft:oak_planks":17,"minecraft:ender_pearl":1,"minecraft:wooden_pickaxe":61,"minecraft:golden_apple":3,"minecraft:bread":46,"minecraft:gravel":35,"minecraft:wooden_sword":84,"minecraft:dark_oak_fence":2,"minecraft:oak_boat":1,"minecraft:bone_meal":33,"minecraft:stone_sword":451,"minecraft:stone_shovel":1127,"minecraft:spruce_planks":2,"tacz:gun_smith_table":3,"minecraft:cooked_salmon":5,"minecraft:cooked_chicken":1,"minecraft:torch":372,"minecraft:dirt":1252,"farmersdelight:rope":13,"minecraft:dark_oak_planks":1,"minecraft:wooden_axe":3,"minecraft:barrel":3,"minecraft:cooked_beef":2,"minecraft:cobbled_deepslate":3,"minecraft:cherry_log":2,"minecraft:wheat_seeds":220,"minecraft:cooked_mutton":17,"max_armory:iron_machete":12,"minecraft:water_bucket":2,"minecraft:pink_tulip":1,"minecraft:cobblestone_stairs":44,"minecraft:baked_potato":23,"minecraft:cherry_planks":71,"minecraft:cobblestone_slab":34,"minecraft:salmon":1,"minecraft:music_disc_cat":1,"minecraft:crafting_table":12,"minecraft:white_bed":9,"minecraft:cod":8,"max_armory:copper_halberd":50,"minecraft:spruce_log":2,"minecraft:dark_oak_door":4,"minecraft:cherry_door":5,"minecraft:iron_pickaxe":276,"minecraft:stone_axe":370,"max_armory:copper_machete":4,"minecraft:cobblestone":2229,"minecraft:purple_bed":5,"minecraft:cooked_porkchop":7,"minecraft:bucket":3,"minecraft:yellow_bed":17,"minecraft:stripped_oak_log":1,"minecraft:jukebox":1},"minecraft:broken":{"minecraft:stone_pickaxe":26,"minecraft:wooden_sword":1,"minecraft:stone_axe":1,"minecraft:iron_sword":1,"minecraft:stone_shovel":9,"max_armory:copper_halberd":1,"minecraft:stone_sword":1,"minecraft:iron_pickaxe":1},"minecraft:killed":{"minecraft:spider":1,"minecraft:cod":21,"minecraft:skeleton":3,"minecraft:guardian":3,"minecraft:pig":5,"minecraft:zombie_villager":1,"minecraft:salmon":6,"minecraft:creeper":2,"hordes:drowned_player":2,"minecraft:sheep":13,"minecraft:trader_llama":1,"minecraft:zombie":26,"minecraft:cow":4,"hordes:zombie_player":11,"minecraft:phantom":5,"minecraft:drowned":4,"minecraft:bat":1,"ecologics:squirrel":1},"minecraft:mined":{"minecraft:white_bed":12,"minecraft:cherry_log":118,"minecraft:jungle_leaves":1,"minecraft:cave_vines_plant":5,"minecraft:grass_block":1125,"tacz:gun_smith_table":2,"minecraft:spawner":1,"minecraft:light_blue_stained_glass":2,"minecraft:tall_seagrass":6,"minecraft:iron_ore":10,"minecraft:cobbled_deepslate":6,"minecraft:barrel":3,"minecraft:moss_carpet":8,"minecraft:enchanting_table":1,"minecraft:cave_vines":11,"minecraft:dirt_path":4,"minecraft:oak_stairs":31,"minecraft:iron_bars":1,"minecraft:pink_tulip":4,"minecraft:azalea":1,"create:limestone":93,"minecraft:quartz_block":2,"projectvibrantjourneys:sea_oats":2,"minecraft:exposed_copper":2,"minecraft:kelp_plant":4,"minecraft:blue_stained_glass":2,"minecraft:torch":15,"projectvibrantjourneys:twigs":2,"minecraft:calcite":48,"minecraft:chest":26,"minecraft:white_stained_glass_pane":7,"minecraft:cobblestone":239,"minecraft:sugar_cane":1,"minecraft:oak_planks":42,"minecraft:iron_door":3,"minecraft:wall_torch":24,"minecraft:skeleton_skull":1,"minecraft:seagrass":2,"minecraft:dark_oak_door":3,"minecraft:birch_log":6,"minecraft:lapis_block":1,"minecraft:wheat":241,"minecraft:jukebox":1,"minecraft:cherry_door":1,"minecraft:stone_brick_stairs":1,"minecraft:grass":32,"minecraft:oak_log":2,"projectvibrantjourneys:short_grass":6,"minecraft:beetroots":1,"minecraft:dark_oak_sapling":1,"minecraft:dirt":539,"minecraft:oak_leaves":58,"minecraft:deepslate":6,"create:zinc_ore":9,"minecraft:mossy_cobblestone":1,"minecraft:dark_oak_leaves":5,"minecraft:deepslate_diamond_ore":8,"minecraft:cherry_sapling":7,"minecraft:dark_oak_log":11,"psg:sulphur_ore":29,"minecraft:white_stained_glass":2,"minecraft:spruce_leaves":7,"minecraft:moss_block":22,"minecraft:red_mushroom":1,"minecraft:kelp":4,"minecraft:large_fern":1,"minecraft:redstone_ore":22,"minecraft:furnace":9,"minecraft:carrots":69,"minecraft:potatoes":29,"farmersdelight:rope":6,"minecraft:deepslate_iron_ore":2,"minecraft:cobblestone_slab":15,"minecraft:vine":2,"minecraft:rail":1,"minecraft:stripped_oak_log":3,"minecraft:stone":3327,"minecraft:glass_pane":1,"minecraft:cherry_planks":20,"minecraft:hanging_roots":1,"minecraft:stone_brick_slab":5,"psg:deepslate_sulphur_ore":5,"minecraft:crafting_table":9,"minecraft:cornflower":2,"minecraft:tall_grass":23,"minecraft:copper_ore":7,"minecraft:lapis_ore":7,"minecraft:lily_pad":1,"minecraft:diorite":14,"minecraft:big_dripleaf":3,"minecraft:birch_planks":2,"minecraft:purple_bed":4,"minecraft:coarse_dirt":1,"minecraft:cobblestone_wall":1,"minecraft:spruce_log":16,"minecraft:birch_leaves":2,"minecraft:yellow_bed":20,"k_turrets:titanium_ore":5,"projectvibrantjourneys:spruce_hollow_log":5,"minecraft:coal_ore":58,"minecraft:cherry_leaves":10,"minecraft:gravel":2,"minecraft:cobweb":12,"minecraft:polished_andesite":1,"minecraft:stone_bricks":4,"minecraft:fern":1},"minecraft:dropped":{"minecraft:iron_sword":2,"minecraft:moss_block":28,"minecraft:lapis_lazuli":8,"minecraft:cooked_beef":4,"minecraft:red_mushroom":2,"minecraft:dirt":77,"max_armory:stone_long_sword":1,"projectvibrantjourneys:fallen_leaves":6,"minecraft:wooden_sword":1,"minecraft:iron_pickaxe":4,"minecraft:cherry_door":3,"projectvibrantjourneys:bark_mushroom":1,"minecraft:bone":1,"minecraft:dark_oak_door":1,"minecraft:stone_axe":2,"minecraft:birch_sapling":4,"minecraft:wheat":5,"minecraft:cherry_sapling":3,"minecraft:beetroot":2,"minecraft:rotten_flesh":20,"minecraft:oak_planks":32,"minecraft:cooked_mutton":2,"minecraft:white_bed":1,"projectvibrantjourneys:sea_oats":2,"projectvibrantjourneys:light_brown_bark_mushroom":1,"minecraft:gunpowder":22,"minecraft:beetroot_seeds":4,"minecraft:azalea":1,"minecraft:chest":11,"k_turrets:raw_titanium":8,"projectvibrantjourneys:cattail":2,"minecraft:iron_ingot":3,"minecraft:wheat_seeds":10,"minecraft:cobblestone":172,"minecraft:stick":7,"minecraft:torch":62,"minecraft:jungle_door":1,"minecraft:oak_stairs":1,"minecraft:string":1,"minecraft:lily_pad":1,"minecraft:bucket":1,"minecraft:redstone":4,"minecraft:furnace":3,"minecraft:moss_carpet":4,"minecraft:coarse_dirt":2,"minecraft:stone_sword":1,"minecraft:cobblestone_wall":1,"farmersdelight:cabbage_seeds":8,"sophisticatedbackpacks:backpack":3,"pointblank:gunmetal_nugget":7,"minecraft:cobblestone_slab":1220,"minecraft:spruce_planks":16,"minecraft:yellow_bed":6,"minecraft:stone_bricks":1,"max_armory:copper_machete":2,"minecraft:spider_eye":2,"minecraft:spruce_log":17,"minecraft:stone_pickaxe":9,"minecraft:wooden_pickaxe":3},"minecraft:picked_up":{"minecraft:wheat":252,"minecraft:exposed_copper":2,"minecraft:lead":3,"minecraft:oak_stairs":25,"minecraft:enchanted_book":5,"minecraft:stone_brick_stairs":1,"minecraft:music_disc_cat":1,"minecraft:string":56,"minecraft:raw_copper":27,"create:limestone":95,"minecraft:cooked_salmon":6,"minecraft:smooth_stone_slab":8,"minecraft:iron_leggings":2,"minecraft:beetroot":3,"minecraft:deepslate_tiles":1,"minecraft:tnt_minecart":4,"minecraft:cobbled_deepslate":15,"minecraft:spruce_planks":40,"minecraft:white_tulip":1,"minecraft:cobblestone_slab":370,"minecraft:calcite":53,"minecraft:azalea":2,"minecraft:iron_pickaxe":8,"farmersdelight:cabbage_seeds":12,"minecraft:dark_oak_door":4,"minecraft:furnace":23,"minecraft:stick":275,"minecraft:jungle_door":2,"minecraft:jukebox":1,"minecraft:big_dripleaf":5,"minecraft:oak_fence":1,"minecraft:torch":558,"ecologics:coconut_seedling":3,"minecraft:porkchop":13,"psg:sulphur":225,"minecraft:cherry_log":117,"minecraft:diorite":7,"minecraft:quartz_block":2,"minecraft:stone_sword":21,"minecraft:honey_bottle":2,"minecraft:rotten_flesh":101,"farmersdelight:rope":65,"projectvibrantjourneys:cattail":3,"minecraft:spruce_hanging_sign":2,"minecraft:iron_bars":1,"minecraft:cod":32,"minecraft:cobblestone":6993,"max_armory:stone_long_sword":1,"minecraft:birch_log":5,"minecraft:enchanting_table":1,"minecraft:cooked_beef":17,"minecraft:cherry_planks":27,"minecraft:iron_door":5,"minecraft:water_bucket":1,"projectvibrantjourneys:fallen_leaves":10,"minecraft:potato":45,"create:raw_zinc":13,"minecraft:cherry_door":5,"minecraft:lapis_lazuli":61,"minecraft:dirt":3196,"max_armory:iron_machete":2,"minecraft:leather_boots":2,"minecraft:bone":27,"minecraft:bow":4,"minecraft:wheat_seeds":961,"tacz:gun_smith_table":2,"minecraft:moss_block":78,"minecraft:oak_planks":320,"minecraft:cooked_porkchop":2,"minecraft:sand":128,"max_armory:copper_machete":2,"minecraft:dark_oak_log":11,"minecraft:barrel":3,"minecraft:mossy_cobblestone":1,"securitycraft:universal_block_remover":5,"minecraft:iron_hoe":1,"minecraft:light_gray_terracotta":9,"minecraft:diamond":8,"minecraft:golden_apple":2,"minecraft:emerald":3,"minecraft:golden_horse_armor":1,"minecraft:bread":200,"minecraft:oak_sapling":4,"minecraft:charcoal":25,"minecraft:coarse_dirt":3,"minecraft:crafting_table":15,"minecraft:azure_bluet":1,"minecraft:chicken":6,"minecraft:brown_mushroom":3,"minecraft:wooden_pickaxe":5,"minecraft:cornflower":6,"minecraft:moss_carpet":23,"tacz:ammo":120,"minecraft:detector_rail":4,"minecraft:beef":17,"minecraft:oak_boat":2,"minecraft:sugar_cane":2,"minecraft:chest":38,"minecraft:birch_sapling":5,"minecraft:phantom_membrane":1,"minecraft:dark_oak_sapling":57,"minecraft:raw_iron":25,"projectvibrantjourneys:bark_mushroom":2,"ecologics:coconut_slice":2,"minecraft:copper_ingot":8,"minecraft:bowl":4,"sophisticatedbackpacks:backpack":5,"pointblank:gunmetal_nugget":94,"farmersdelight:tomato_seeds":6,"minecraft:carrot":212,"minecraft:redstone":106,"minecraft:iron_horse_armor":1,"max_armory:copper_halberd":5,"minecraft:dark_oak_planks":15,"minecraft:cooked_cod":2,"minecraft:stone_shovel":1,"minecraft:arrow":19,"minecraft:beetroot_seeds":4,"k_turrets:raw_titanium":24,"minecraft:hay_block":22,"minecraft:pink_tulip":5,"minecraft:saddle":3,"minecraft:gold_ingot":2,"minecraft:glow_berries":6,"minecraft:mutton":27,"minecraft:white_wool":8,"minecraft:skeleton_skull":4,"minecraft:rail":25,"minecraft:stripped_oak_log":1,"minecraft:salmon":10,"minecraft:leather":10,"minecraft:red_mushroom":3,"minecraft:birch_planks":28,"minecraft:oak_log":23,"minecraft:lily_pad":5,"minecraft:yellow_bed":30,"minecraft:gunpowder":36,"minecraft:cobblestone_wall":2,"minecraft:cobblestone_stairs":1,"projectvibrantjourneys:spruce_hollow_log":4,"projectvibrantjourneys:sea_oats":5,"minecraft:cooked_mutton":11,"minecraft:kelp":2,"minecraft:apple":2,"minecraft:stone_bricks":4,"minecraft:iron_ingot":5,"minecraft:stone_pickaxe":29,"minecraft:cooked_chicken":1,"minecraft:cobweb":16,"minecraft:glass_bottle":1,"minecraft:iron_sword":13,"projectvibrantjourneys:light_brown_bark_mushroom":1,"minecraft:stone_brick_slab":2,"minecraft:dandelion":9,"minecraft:gravel":110,"minecraft:white_bed":23,"minecraft:spruce_log":52,"minecraft:spider_eye":7,"minecraft:purple_bed":5,"minecraft:stone_axe":18,"tacz:modern_kinetic_gun":6,"minecraft:iron_helmet":6,"minecraft:cherry_sapling":103,"minecraft:black_wool":1,"minecraft:coal":129,"minecraft:ender_pearl":1},"minecraft:custom":{"minecraft:interact_with_crafting_table":114,"minecraft:open_barrel":25,"minecraft:bell_ring":2,"minecraft:leave_game":19,"minecraft:time_since_death":2418,"minecraft:sprint_one_cm":2010513,"minecraft:drop":148,"minecraft:talked_to_villager":5,"minecraft:play_time":809592,"minecraft:deaths":69,"minecraft:jump":7304,"minecraft:walk_on_water_one_cm":264671,"minecraft:enchant_item":2,"minecraft:interact_with_furnace":137,"minecraft:play_record":1,"minecraft:sleep_in_bed":50,"minecraft:damage_dealt":21648,"minecraft:player_kills":5,"minecraft:crouch_one_cm":138143,"minecraft:mob_kills":111,"minecraft:damage_dealt_resisted":1945,"minecraft:climb_one_cm":16393,"minecraft:walk_one_cm":1688900,"minecraft:sneak_time":68264,"minecraft:walk_under_water_one_cm":382559,"minecraft:boat_one_cm":110235,"minecraft:total_world_time":809592,"minecraft:time_since_rest":2453,"minecraft:damage_absorbed":74,"minecraft:damage_taken":29865,"minecraft:swim_one_cm":305493,"minecraft:fly_one_cm":1085922,"minecraft:open_chest":526,"minecraft:fall_one_cm":231306},"minecraft:killed_by":{"minecraft:zombie":7,"minecraft:player":10,"minecraft:spider":1,"minecraft:enderman":1,"hordes:zombie_player":5,"minecraft:skeleton":4}},"DataVersion":3465}