{"stats":{"minecraft:used":{"minecraft:cherry_sapling":14,"minecraft:chest":29,"minecraft:iron_sword":117,"minecraft:carrot":156,"minecraft:honey_bottle":2,"minecraft:quartz_block":2,"minecraft:stone_bricks":6,"minecraft:furnace":11,"minecraft:oak_sapling":2,"minecraft:beetroot_seeds":2,"minecraft:potato":21,"minecraft:dark_oak_sapling":13,"max_armory:stone_long_sword":1,"minecraft:stone_pickaxe":2134,"minecraft:oak_planks":1,"minecraft:ender_pearl":1,"minecraft:wooden_pickaxe":61,"minecraft:golden_apple":3,"minecraft:bread":12,"minecraft:gravel":35,"minecraft:wooden_sword":84,"minecraft:dark_oak_fence":2,"minecraft:oak_boat":1,"minecraft:bone_meal":33,"minecraft:stone_sword":256,"minecraft:stone_shovel":602,"minecraft:spruce_planks":2,"tacz:gun_smith_table":3,"minecraft:cooked_salmon":3,"minecraft:cooked_chicken":1,"minecraft:torch":224,"minecraft:dirt":837,"minecraft:wooden_axe":3,"minecraft:cooked_beef":2,"minecraft:cherry_log":2,"minecraft:wheat_seeds":1,"minecraft:cooked_mutton":17,"max_armory:iron_machete":12,"minecraft:water_bucket":2,"minecraft:pink_tulip":1,"minecraft:cobblestone_stairs":16,"minecraft:baked_potato":23,"minecraft:cobblestone_slab":28,"minecraft:salmon":1,"minecraft:crafting_table":10,"minecraft:white_bed":9,"max_armory:copper_halberd":11,"minecraft:spruce_log":2,"minecraft:dark_oak_door":4,"minecraft:iron_pickaxe":93,"minecraft:stone_axe":199,"max_armory:copper_machete":4,"minecraft:cobblestone":1018,"minecraft:purple_bed":5,"minecraft:cooked_porkchop":7,"minecraft:bucket":3,"minecraft:yellow_bed":17},"minecraft:killed_by":{"minecraft:zombie":4,"minecraft:player":4,"minecraft:spider":1,"minecraft:enderman":1,"hordes:zombie_player":2,"minecraft:skeleton":2},"minecraft:broken":{"minecraft:stone_pickaxe":13,"minecraft:wooden_sword":1,"minecraft:stone_shovel":5,"minecraft:stone_sword":1},"minecraft:killed":{"minecraft:spider":1,"minecraft:pig":5,"minecraft:salmon":6,"minecraft:creeper":1,"minecraft:sheep":13,"minecraft:trader_llama":1,"minecraft:zombie":13,"minecraft:cow":4,"hordes:zombie_player":2,"ecologics:squirrel":1},"minecraft:mined":{"minecraft:white_bed":12,"minecraft:cherry_log":4,"minecraft:jungle_leaves":1,"minecraft:grass_block":651,"tacz:gun_smith_table":2,"minecraft:light_blue_stained_glass":2,"minecraft:tall_seagrass":6,"minecraft:iron_ore":7,"minecraft:cobbled_deepslate":6,"minecraft:moss_carpet":1,"minecraft:enchanting_table":1,"minecraft:dirt_path":3,"minecraft:oak_stairs":31,"minecraft:pink_tulip":4,"create:limestone":93,"minecraft:quartz_block":2,"projectvibrantjourneys:sea_oats":2,"minecraft:exposed_copper":2,"minecraft:kelp_plant":3,"minecraft:blue_stained_glass":2,"minecraft:torch":8,"projectvibrantjourneys:twigs":2,"minecraft:calcite":48,"minecraft:chest":26,"minecraft:white_stained_glass_pane":7,"minecraft:cobblestone":152,"minecraft:sugar_cane":1,"minecraft:oak_planks":25,"minecraft:iron_door":2,"minecraft:wall_torch":14,"minecraft:seagrass":2,"minecraft:dark_oak_door":3,"minecraft:birch_log":6,"minecraft:lapis_block":1,"minecraft:wheat":24,"minecraft:grass":28,"minecraft:oak_log":2,"projectvibrantjourneys:short_grass":6,"minecraft:beetroots":1,"minecraft:dark_oak_sapling":1,"minecraft:dirt":247,"minecraft:oak_leaves":58,"minecraft:deepslate":6,"create:zinc_ore":9,"minecraft:mossy_cobblestone":1,"minecraft:dark_oak_leaves":5,"minecraft:deepslate_diamond_ore":8,"minecraft:cherry_sapling":7,"minecraft:dark_oak_log":11,"psg:sulphur_ore":24,"minecraft:white_stained_glass":2,"minecraft:spruce_leaves":7,"minecraft:red_mushroom":1,"minecraft:kelp":4,"minecraft:large_fern":1,"minecraft:furnace":9,"minecraft:carrots":68,"minecraft:potatoes":18,"minecraft:deepslate_iron_ore":2,"minecraft:vine":2,"minecraft:stone":1703,"minecraft:glass_pane":1,"psg:deepslate_sulphur_ore":5,"minecraft:crafting_table":8,"minecraft:cornflower":2,"minecraft:tall_grass":22,"minecraft:copper_ore":7,"minecraft:lapis_ore":2,"minecraft:lily_pad":1,"minecraft:diorite":3,"minecraft:birch_planks":2,"minecraft:purple_bed":4,"minecraft:coarse_dirt":1,"minecraft:cobblestone_wall":1,"minecraft:spruce_log":16,"minecraft:birch_leaves":1,"minecraft:yellow_bed":20,"k_turrets:titanium_ore":5,"minecraft:coal_ore":52,"projectvibrantjourneys:spruce_hollow_log":5,"minecraft:gravel":2,"minecraft:cobweb":6,"minecraft:stone_bricks":3,"minecraft:fern":1},"minecraft:picked_up":{"minecraft:wheat":44,"minecraft:exposed_copper":2,"minecraft:lead":3,"minecraft:oak_stairs":25,"minecraft:enchanted_book":5,"minecraft:string":41,"minecraft:raw_copper":27,"create:limestone":95,"minecraft:cooked_salmon":4,"minecraft:smooth_stone_slab":8,"minecraft:iron_leggings":2,"minecraft:beetroot":3,"minecraft:deepslate_tiles":1,"minecraft:cobbled_deepslate":10,"minecraft:spruce_planks":40,"minecraft:white_tulip":1,"minecraft:cobblestone_slab":348,"minecraft:calcite":53,"minecraft:iron_pickaxe":3,"farmersdelight:cabbage_seeds":8,"minecraft:dark_oak_door":4,"minecraft:furnace":23,"minecraft:stick":75,"minecraft:jungle_door":2,"minecraft:torch":239,"ecologics:coconut_seedling":3,"minecraft:porkchop":13,"psg:sulphur":179,"minecraft:cherry_log":4,"minecraft:diorite":5,"minecraft:quartz_block":2,"minecraft:stone_sword":13,"minecraft:rotten_flesh":55,"minecraft:honey_bottle":2,"farmersdelight:rope":54,"projectvibrantjourneys:cattail":3,"minecraft:spruce_hanging_sign":2,"minecraft:cobblestone":3223,"max_armory:stone_long_sword":1,"minecraft:birch_log":5,"minecraft:enchanting_table":1,"minecraft:cooked_beef":17,"minecraft:iron_door":4,"minecraft:water_bucket":1,"projectvibrantjourneys:fallen_leaves":10,"minecraft:potato":34,"create:raw_zinc":13,"minecraft:lapis_lazuli":16,"minecraft:dirt":1386,"max_armory:iron_machete":2,"minecraft:leather_boots":2,"minecraft:bone":18,"minecraft:bow":2,"minecraft:wheat_seeds":97,"tacz:gun_smith_table":2,"minecraft:oak_planks":111,"minecraft:cooked_porkchop":2,"minecraft:sand":128,"minecraft:dark_oak_log":11,"max_armory:copper_machete":2,"minecraft:mossy_cobblestone":1,"minecraft:iron_hoe":1,"minecraft:light_gray_terracotta":9,"minecraft:diamond":8,"minecraft:golden_apple":2,"minecraft:bread":159,"minecraft:golden_horse_armor":1,"minecraft:emerald":3,"minecraft:oak_sapling":4,"minecraft:charcoal":13,"minecraft:crafting_table":15,"minecraft:coarse_dirt":3,"minecraft:azure_bluet":1,"minecraft:chicken":6,"minecraft:wooden_pickaxe":5,"minecraft:cornflower":5,"minecraft:moss_carpet":4,"minecraft:beef":17,"minecraft:oak_boat":2,"minecraft:sugar_cane":2,"minecraft:chest":38,"minecraft:birch_sapling":5,"minecraft:phantom_membrane":1,"minecraft:dark_oak_sapling":57,"minecraft:raw_iron":11,"projectvibrantjourneys:bark_mushroom":2,"ecologics:coconut_slice":2,"minecraft:copper_ingot":8,"minecraft:bowl":4,"sophisticatedbackpacks:backpack":1,"pointblank:gunmetal_nugget":52,"farmersdelight:tomato_seeds":6,"minecraft:carrot":208,"minecraft:redstone":4,"minecraft:iron_horse_armor":1,"max_armory:copper_halberd":1,"minecraft:arrow":12,"minecraft:beetroot_seeds":4,"k_turrets:raw_titanium":24,"minecraft:hay_block":22,"minecraft:pink_tulip":5,"minecraft:saddle":3,"minecraft:gold_ingot":2,"minecraft:mutton":27,"minecraft:white_wool":8,"minecraft:rail":3,"minecraft:salmon":10,"minecraft:leather":10,"minecraft:red_mushroom":3,"minecraft:birch_planks":18,"minecraft:oak_log":2,"minecraft:lily_pad":2,"minecraft:yellow_bed":30,"minecraft:gunpowder":25,"minecraft:cobblestone_wall":2,"minecraft:cobblestone_stairs":1,"projectvibrantjourneys:spruce_hollow_log":4,"projectvibrantjourneys:sea_oats":5,"minecraft:cooked_mutton":11,"minecraft:apple":2,"minecraft:stone_bricks":1,"minecraft:iron_ingot":5,"minecraft:stone_pickaxe":15,"minecraft:cooked_chicken":1,"minecraft:glass_bottle":1,"minecraft:iron_sword":1,"projectvibrantjourneys:light_brown_bark_mushroom":1,"minecraft:dandelion":7,"minecraft:gravel":110,"minecraft:white_bed":23,"minecraft:spruce_log":52,"minecraft:spider_eye":7,"minecraft:purple_bed":5,"minecraft:stone_axe":15,"minecraft:iron_helmet":6,"minecraft:cherry_sapling":27,"minecraft:black_wool":1,"minecraft:coal":63,"minecraft:ender_pearl":1},"minecraft:crafted":{"minecraft:oak_planks":12,"minecraft:cobblestone_slab":900,"minecraft:cooked_chicken":3,"minecraft:cobblestone_stairs":16,"minecraft:cooked_mutton":18,"minecraft:dark_oak_door":3,"minecraft:chest":4,"minecraft:cooked_porkchop":12,"minecraft:crafting_table":6,"minecraft:spruce_planks":32,"minecraft:wooden_pickaxe":2,"minecraft:baked_potato":30,"minecraft:birch_planks":18,"minecraft:charcoal":13,"minecraft:stick":124,"minecraft:iron_pickaxe":2,"minecraft:iron_ingot":27,"minecraft:stone_sword":2,"minecraft:gold_ingot":1,"minecraft:cherry_planks":6,"minecraft:stone_shovel":6,"minecraft:furnace":2,"minecraft:bone_meal":32,"minecraft:dark_oak_fence":3,"minecraft:stone_pickaxe":25,"minecraft:dark_oak_planks":44,"minecraft:cooked_beef":13,"minecraft:iron_sword":2,"minecraft:cooked_salmon":4,"minecraft:bucket":2,"minecraft:stone_axe":1,"minecraft:air":0,"minecraft:oak_boat":1,"minecraft:wooden_axe":1,"minecraft:torch":96},"minecraft:custom":{"minecraft:interact_with_crafting_table":89,"minecraft:open_barrel":3,"minecraft:bell_ring":2,"minecraft:leave_game":13,"minecraft:time_since_death":122013,"minecraft:sprint_one_cm":1514042,"minecraft:drop":127,"minecraft:talked_to_villager":5,"minecraft:play_time":494772,"minecraft:deaths":49,"minecraft:jump":4690,"minecraft:walk_on_water_one_cm":121513,"minecraft:interact_with_furnace":125,"minecraft:sleep_in_bed":36,"minecraft:damage_dealt":10074,"minecraft:player_kills":2,"minecraft:crouch_one_cm":91969,"minecraft:mob_kills":48,"minecraft:damage_dealt_resisted":371,"minecraft:climb_one_cm":11472,"minecraft:walk_one_cm":1133995,"minecraft:sneak_time":33958,"minecraft:walk_under_water_one_cm":123477,"minecraft:boat_one_cm":91337,"minecraft:total_world_time":494772,"minecraft:time_since_rest":1202,"minecraft:damage_taken":16784,"minecraft:damage_absorbed":74,"minecraft:swim_one_cm":83300,"minecraft:fly_one_cm":672601,"minecraft:open_chest":337,"minecraft:fall_one_cm":114835},"minecraft:dropped":{"minecraft:cooked_beef":4,"minecraft:red_mushroom":2,"minecraft:dirt":77,"max_armory:stone_long_sword":1,"projectvibrantjourneys:fallen_leaves":6,"minecraft:wooden_sword":1,"minecraft:iron_pickaxe":3,"projectvibrantjourneys:bark_mushroom":1,"minecraft:bone":1,"minecraft:dark_oak_door":1,"minecraft:stone_axe":1,"minecraft:birch_sapling":4,"minecraft:wheat":5,"minecraft:beetroot":2,"minecraft:rotten_flesh":12,"minecraft:cooked_mutton":2,"minecraft:white_bed":1,"projectvibrantjourneys:sea_oats":2,"projectvibrantjourneys:light_brown_bark_mushroom":1,"minecraft:gunpowder":2,"minecraft:beetroot_seeds":4,"k_turrets:raw_titanium":8,"minecraft:chest":11,"projectvibrantjourneys:cattail":2,"minecraft:iron_ingot":3,"minecraft:wheat_seeds":10,"minecraft:cobblestone":172,"minecraft:stick":7,"minecraft:torch":43,"minecraft:jungle_door":1,"minecraft:oak_stairs":1,"minecraft:string":1,"minecraft:lily_pad":1,"minecraft:bucket":1,"minecraft:redstone":4,"minecraft:furnace":3,"minecraft:moss_carpet":4,"minecraft:coarse_dirt":2,"minecraft:stone_sword":1,"minecraft:cobblestone_wall":1,"farmersdelight:cabbage_seeds":8,"sophisticatedbackpacks:backpack":1,"pointblank:gunmetal_nugget":7,"minecraft:cobblestone_slab":1220,"minecraft:spruce_planks":16,"minecraft:yellow_bed":6,"max_armory:copper_machete":2,"minecraft:spider_eye":2,"minecraft:spruce_log":17,"minecraft:stone_pickaxe":9,"minecraft:wooden_pickaxe":3}},"DataVersion":3465}