{"stats":{"minecraft:crafted":{"minecraft:oak_planks":140,"minecraft:dark_oak_boat":2,"ecologics:walnut_planks":8,"minecraft:furnace":2,"marbledsarsenal:oak_ghillie_helmet":1,"max_armory:stone_long_sword":1,"minecraft:glass":32,"marbledsarsenal:oak_ghillie_boots":1,"minecraft:stone_pickaxe":7,"minecraft:chest":3,"max_armory:iron_machete":1,"minecraft:dark_oak_planks":28,"minecraft:stone_hoe":1,"marbledsarsenal:oak_ghillie_chestplate":1,"minecraft:wheat":198,"minecraft:cooked_beef":2,"minecraft:cooked_porkchop":1,"max_armory:handle":6,"minecraft:crafting_table":6,"farmersdelight:iron_knife":1,"minecraft:wooden_pickaxe":4,"tacz:gun_smith_table":1,"minecraft:copper_ingot":31,"minecraft:birch_planks":64,"minecraft:stone_axe":3,"minecraft:bread":59,"minecraft:air":0,"minecraft:iron_chestplate":1,"minecraft:charcoal":10,"minecraft:stick":68,"minecraft:iron_ingot":17,"minecraft:iron_pickaxe":3,"minecraft:wooden_axe":1,"minecraft:iron_block":1,"minecraft:stone_sword":2,"minecraft:armor_stand":1,"max_armory:copper_machete":4,"minecraft:torch":52,"marbledsarsenal:oak_ghillie_leggings":1,"minecraft:shears":1},"minecraft:used":{"minecraft:moss_block":1,"minecraft:stone_sword":238,"minecraft:ladder":2,"minecraft:chest":3,"tacz:gun_smith_table":3,"minecraft:shield":13,"minecraft:stone_hoe":2,"minecraft:iron_chestplate":2,"minecraft:torch":29,"minecraft:dirt":58,"minecraft:carrot":15,"minecraft:iron_hoe":11,"minecraft:wooden_axe":10,"projectvibrantjourneys:fallen_leaves":2,"minecraft:quartz_block":7,"minecraft:stone_bricks":2,"pointblank:workstation":2,"ecologics:walnut_planks":5,"minecraft:dark_oak_boat":4,"minecraft:goat_horn":4,"minecraft:furnace":3,"minecraft:cooked_beef":2,"minecraft:cooked_mutton":4,"minecraft:water_bucket":1,"max_armory:stone_long_sword":3,"minecraft:stone_pickaxe":558,"minecraft:oak_planks":6,"minecraft:ender_pearl":1,"minecraft:wooden_pickaxe":18,"minecraft:blue_bed":1,"minecraft:golden_apple":1,"minecraft:glow_berries":8,"minecraft:crafting_table":11,"minecraft:light_gray_terracotta":3,"minecraft:white_bed":7,"minecraft:dark_oak_door":1,"minecraft:shears":48,"minecraft:oak_log":2,"minecraft:iron_pickaxe":7,"minecraft:bread":27,"minecraft:string":1,"minecraft:suspicious_stew":2,"minecraft:stone_axe":119,"max_armory:copper_machete":17,"ecologics:coconut_slice":8,"minecraft:wooden_sword":16,"minecraft:cobblestone":112,"minecraft:cooked_porkchop":3,"minecraft:andesite":23,"minecraft:bucket":1,"minecraft:yellow_bed":16},"minecraft:broken":{"minecraft:stone_pickaxe":4},"minecraft:killed":{"hordes:zombie_player":5,"minecraft:spider":12,"minecraft:skeleton":8,"minecraft:pig":2,"minecraft:salmon":8,"hordes:drowned_player":1,"minecraft:zombie":8,"minecraft:cow":5},"minecraft:mined":{"minecraft:dark_oak_planks":2,"minecraft:white_bed":7,"minecraft:farmland":1,"minecraft:dark_oak_log":10,"projectvibrantjourneys:rocks":1,"psg:sulphur_ore":2,"minecraft:glow_lichen":1,"minecraft:cave_vines_plant":2,"minecraft:allium":1,"minecraft:grass_block":31,"ecologics:coconut_leaves":1,"minecraft:white_stained_glass":2,"ecologics:coconut_log":6,"minecraft:moss_block":1,"tacz:gun_smith_table":2,"minecraft:spawner":2,"minecraft:light_blue_stained_glass":1,"minecraft:hay_block":23,"minecraft:furnace":2,"minecraft:iron_ore":14,"minecraft:andesite":23,"projectvibrantjourneys:bark_mushroom":1,"minecraft:cave_vines":9,"minecraft:deepslate_iron_ore":5,"minecraft:dirt_path":3,"ecologics:walnut_log":2,"projectvibrantjourneys:seashells":6,"minecraft:stone":259,"projectvibrantjourneys:cattail":2,"minecraft:flowering_azalea":1,"minecraft:glass_pane":6,"projectvibrantjourneys:sea_oats":3,"minecraft:quartz_block":7,"minecraft:blue_stained_glass":4,"minecraft:oak_fence":1,"minecraft:light_gray_terracotta":10,"minecraft:crafting_table":4,"minecraft:torch":14,"projectvibrantjourneys:twigs":1,"minecraft:white_stained_glass_pane":3,"projectvibrantjourneys:mossy_rocks":1,"minecraft:copper_ore":7,"minecraft:tall_grass":34,"minecraft:cobblestone":36,"minecraft:oak_planks":1,"minecraft:lily_pad":1,"projectvibrantjourneys:fallen_leaves":2,"minecraft:blue_bed":1,"minecraft:wall_torch":11,"projectvibrantjourneys:light_brown_bark_mushroom":1,"philipsruins:chiseled_bone_bricks":1,"minecraft:birch_log":20,"minecraft:spruce_log":7,"minecraft:birch_leaves":3,"minecraft:yellow_bed":15,"minecraft:grass":58,"k_turrets:titanium_ore":4,"minecraft:coal_ore":17,"minecraft:oak_log":32,"ecologics:hanging_coconut":1,"projectvibrantjourneys:short_grass":21,"minecraft:gravel":18,"minecraft:dirt":39,"minecraft:sand":4,"projectvibrantjourneys:pinecones":2,"pointblank:workstation":2,"minecraft:cobweb":7,"ecologics:walnut_planks":1,"minecraft:stone_bricks":5,"minecraft:oak_leaves":46,"minecraft:deepslate":12,"minecraft:fern":1},"minecraft:dropped":{"minecraft:bread":33,"minecraft:wheat_seeds":3,"minecraft:crafting_table":1,"minecraft:cooked_porkchop":4,"minecraft:cobblestone":1,"minecraft:apple":3,"minecraft:golden_apple":1,"minecraft:stick":7,"minecraft:dirt":112,"max_armory:stone_long_sword":1,"projectvibrantjourneys:fallen_leaves":1,"minecraft:birch_log":1,"projectvibrantjourneys:bark_mushroom":1,"minecraft:bone":8,"minecraft:stone_axe":2,"minecraft:stone_sword":4,"minecraft:rotten_flesh":2,"minecraft:white_bed":1,"minecraft:carrot":5,"pointblank:gunmetal_nugget":34,"minecraft:allium":1,"minecraft:yellow_bed":3,"k_turrets:raw_titanium":4,"max_armory:iron_machete":2,"max_armory:copper_machete":2,"minecraft:bow":2,"minecraft:wooden_pickaxe":2,"minecraft:stone_pickaxe":2,"projectvibrantjourneys:cattail":2},"minecraft:picked_up":{"minecraft:iron_chestplate":2,"minecraft:charcoal":11,"minecraft:crafting_table":16,"minecraft:wheat":76,"minecraft:allium":1,"minecraft:ladder":2,"minecraft:prismarine_shard":3,"minecraft:lead":2,"minecraft:wooden_pickaxe":3,"minecraft:shield":2,"minecraft:string":80,"minecraft:raw_copper":36,"create:limestone":1,"minecraft:wooden_sword":1,"minecraft:deepslate_tiles":1,"minecraft:cobbled_deepslate":32,"minecraft:bucket":2,"minecraft:beef":10,"minecraft:cobblestone_slab":1,"minecraft:chest":1,"minecraft:birch_sapling":9,"pointblank:workstation":2,"minecraft:phantom_membrane":2,"minecraft:furnace":2,"minecraft:dark_oak_door":1,"minecraft:stick":36,"minecraft:raw_iron":35,"ecologics:walnut_log":2,"ecologics:coconut_slice":10,"projectvibrantjourneys:bark_mushroom":6,"minecraft:copper_ingot":62,"minecraft:oak_fence":1,"minecraft:torch":48,"minecraft:bowl":4,"ecologics:coconut_seedling":6,"minecraft:porkchop":3,"pointblank:gunmetal_nugget":156,"psg:sulphur":12,"minecraft:carrot":21,"minecraft:dark_oak_planks":2,"max_armory:handle":1,"minecraft:quartz_block":11,"minecraft:stone_sword":11,"minecraft:arrow":30,"minecraft:rotten_flesh":18,"k_turrets:raw_titanium":8,"minecraft:hay_block":44,"ecologics:coconut_log":12,"farmersdelight:rope":5,"projectvibrantjourneys:cattail":2,"minecraft:glow_berries":5,"minecraft:rail":1,"minecraft:cobblestone":686,"max_armory:stone_long_sword":1,"minecraft:birch_log":21,"ecologics:walnut_planks":1,"minecraft:salmon":6,"minecraft:andesite":23,"projectvibrantjourneys:fallen_leaves":4,"minecraft:leather":4,"minecraft:dark_oak_boat":5,"minecraft:birch_planks":23,"minecraft:flint":15,"minecraft:oak_log":42,"create:raw_zinc":3,"minecraft:lily_pad":47,"minecraft:yellow_bed":24,"minecraft:gunpowder":5,"projectvibrantjourneys:sea_oats":1,"minecraft:blue_bed":1,"minecraft:dirt":315,"max_armory:iron_machete":1,"minecraft:cooked_mutton":10,"minecraft:leather_boots":2,"minecraft:glass":32,"minecraft:bone":25,"minecraft:stone_bricks":13,"minecraft:bow":6,"minecraft:wheat_seeds":17,"minecraft:iron_ingot":23,"minecraft:stone_pickaxe":17,"tacz:gun_smith_table":7,"minecraft:moss_block":1,"minecraft:oak_planks":188,"minecraft:flowering_azalea":2,"projectvibrantjourneys:light_brown_bark_mushroom":1,"minecraft:cooked_porkchop":4,"psg:raw_potassium":7,"minecraft:gravel":43,"minecraft:sand":8,"ecologics:coconut_husk":6,"minecraft:white_bed":9,"minecraft:spruce_log":26,"minecraft:dark_oak_log":10,"max_armory:copper_machete":2,"minecraft:spider_eye":12,"minecraft:iron_hoe":2,"minecraft:light_gray_terracotta":22,"minecraft:stone_axe":11,"minecraft:iron_helmet":2,"minecraft:grass":4,"minecraft:golden_apple":1,"minecraft:emerald":3,"minecraft:bread":60,"minecraft:oak_sapling":1,"minecraft:coal":29,"minecraft:oak_leaves":41},"minecraft:custom":{"minecraft:mob_kills":54,"minecraft:interact_with_crafting_table":73,"minecraft:open_barrel":1,"minecraft:damage_dealt_resisted":321,"minecraft:leave_game":25,"minecraft:time_since_death":15174,"minecraft:climb_one_cm":16424,"minecraft:sprint_one_cm":1096564,"minecraft:walk_one_cm":768615,"minecraft:damage_blocked_by_shield":440,"minecraft:drop":245,"minecraft:play_time":324804,"minecraft:sneak_time":2350,"minecraft:deaths":66,"minecraft:walk_under_water_one_cm":115327,"minecraft:boat_one_cm":270838,"minecraft:jump":5330,"minecraft:walk_on_water_one_cm":86511,"minecraft:total_world_time":324804,"minecraft:interact_with_furnace":56,"minecraft:sleep_in_bed":22,"minecraft:time_since_rest":14968,"minecraft:damage_taken":23507,"minecraft:damage_absorbed":40,"minecraft:damage_dealt":12483,"minecraft:player_kills":4,"minecraft:swim_one_cm":198499,"minecraft:fly_one_cm":1206322,"minecraft:open_chest":225,"minecraft:crouch_one_cm":2531,"minecraft:fall_one_cm":215651},"minecraft:killed_by":{"minecraft:player":3,"minecraft:creeper":1,"minecraft:spider":4,"minecraft:pillager":2,"minecraft:enderman":1,"hordes:zombie_player":6,"hordes:drowned_player":1,"minecraft:skeleton":1,"minecraft:zombie":4}},"DataVersion":3465}