{"stats":{"minecraft:crafted":{"minecraft:oak_planks":232,"minecraft:dark_oak_boat":2,"ecologics:walnut_planks":8,"minecraft:cherry_boat":1,"minecraft:cooked_mutton":5,"max_armory:copper_spear":1,"minecraft:glass":46,"ecologics:flowering_azalea_planks":4,"max_armory:rod":2,"minecraft:chest":8,"minecraft:birch_door":3,"max_armory:iron_machete":1,"minecraft:stone_hoe":1,"pointblank:printer":1,"sophisticatedbackpacks:backpack":2,"minecraft:cooked_porkchop":7,"minecraft:crafting_table":10,"farmersdelight:iron_knife":1,"minecraft:wooden_pickaxe":4,"minecraft:baked_potato":1,"max_armory:copper_halberd":1,"minecraft:copper_ingot":219,"minecraft:birch_planks":140,"minecraft:iron_chestplate":2,"minecraft:diamond_pickaxe":2,"minecraft:charcoal":50,"minecraft:stick":124,"minecraft:iron_ingot":306,"minecraft:iron_pickaxe":10,"minecraft:iron_block":1,"minecraft:stone_sword":2,"minecraft:gold_ingot":16,"max_armory:copper_machete":12,"marbledsarsenal:oak_ghillie_leggings":1,"minecraft:shears":2,"minecraft:cherry_planks":68,"minecraft:oak_door":12,"minecraft:iron_nugget":9,"minecraft:furnace":4,"marbledsarsenal:oak_ghillie_helmet":1,"minecraft:glass_pane":16,"max_armory:stone_long_sword":1,"minecraft:iron_axe":3,"securitycraft:universal_block_remover":1,"marbledsarsenal:oak_ghillie_boots":1,"minecraft:stone_pickaxe":7,"minecraft:dark_oak_planks":28,"marbledsarsenal:oak_ghillie_chestplate":1,"minecraft:wheat":198,"minecraft:cooked_beef":2,"max_armory:handle":21,"pointblank:processor":1,"minecraft:iron_sword":1,"tacz:gun_smith_table":1,"minecraft:bucket":1,"minecraft:stone_axe":3,"minecraft:bread":59,"minecraft:air":0,"minecraft:wooden_axe":1,"minecraft:cherry_door":3,"minecraft:iron_leggings":1,"minecraft:armor_stand":1,"minecraft:torch":148},"minecraft:used":{"minecraft:moss_block":4,"minecraft:cherry_sapling":1,"minecraft:moss_carpet":1,"minecraft:ladder":2,"minecraft:chest":6,"minecraft:shield":13,"minecraft:iron_sword":29,"minecraft:rotten_flesh":5,"minecraft:iron_chestplate":5,"minecraft:carrot":15,"minecraft:tuff":3,"minecraft:axolotl_bucket":4,"minecraft:quartz_block":7,"minecraft:iron_helmet":1,"minecraft:stone_bricks":2,"pointblank:workstation":2,"ecologics:walnut_planks":5,"minecraft:magma_block":3,"minecraft:bow":13,"minecraft:dark_oak_boat":4,"minecraft:furnace":5,"minecraft:diorite":14,"max_armory:stone_long_sword":3,"minecraft:oak_planks":12,"minecraft:stone_pickaxe":611,"minecraft:ender_pearl":1,"minecraft:wooden_pickaxe":19,"minecraft:blue_bed":1,"minecraft:golden_apple":1,"minecraft:glow_berries":141,"minecraft:light_gray_terracotta":3,"minecraft:shears":48,"minecraft:bread":43,"minecraft:string":1,"minecraft:gravel":6,"ecologics:coconut_slice":18,"minecraft:wooden_sword":16,"minecraft:andesite":23,"minecraft:cherry_boat":2,"minecraft:stone_sword":245,"tacz:gun_smith_table":3,"minecraft:stone_hoe":2,"minecraft:oak_door":45,"minecraft:torch":146,"minecraft:dirt":120,"minecraft:birch_door":49,"minecraft:iron_hoe":11,"minecraft:dark_oak_planks":1,"minecraft:wooden_axe":10,"projectvibrantjourneys:fallen_leaves":2,"minecraft:flowering_azalea":1,"minecraft:iron_axe":267,"minecraft:iron_boots":1,"minecraft:goat_horn":4,"ecologics:coconut_seedling":2,"minecraft:cooked_beef":2,"minecraft:cobbled_deepslate":85,"minecraft:cherry_log":3,"minecraft:iron_leggings":4,"minecraft:cooked_mutton":9,"minecraft:water_bucket":4,"minecraft:birch_planks":19,"minecraft:baked_potato":1,"pointblank:printer":1,"minecraft:cherry_planks":5,"minecraft:cobblestone_slab":3,"minecraft:salmon":4,"minecraft:crafting_table":15,"minecraft:white_bed":12,"minecraft:dark_oak_door":1,"minecraft:oak_log":15,"minecraft:diamond_pickaxe":180,"minecraft:apple":6,"minecraft:cherry_door":11,"minecraft:iron_pickaxe":1211,"minecraft:suspicious_stew":2,"minecraft:stone_axe":160,"max_armory:copper_machete":264,"minecraft:cobblestone":572,"minecraft:cooked_porkchop":9,"minecraft:bucket":8,"minecraft:yellow_bed":23},"minecraft:broken":{"minecraft:stone_pickaxe":4,"max_armory:copper_machete":1,"minecraft:iron_axe":1,"minecraft:iron_pickaxe":3},"minecraft:killed":{"minecraft:spider":12,"minecraft:skeleton":14,"minecraft:guardian":3,"ecologics:coconut_crab":2,"minecraft:turtle":1,"minecraft:tropical_fish":1,"minecraft:pig":4,"minecraft:salmon":12,"hordes:drowned_player":6,"minecraft:sheep":4,"minecraft:zombie":23,"minecraft:cow":5,"hordes:zombie_player":6,"minecraft:slime":15,"minecraft:phantom":3,"minecraft:drowned":16},"minecraft:mined":{"minecraft:dark_oak_planks":2,"create:deepslate_zinc_ore":4,"minecraft:white_bed":10,"minecraft:farmland":1,"minecraft:cherry_log":20,"minecraft:cave_vines_plant":36,"minecraft:budding_amethyst":1,"minecraft:grass_block":34,"ecologics:coconut_leaves":1,"tacz:gun_smith_table":2,"minecraft:spawner":2,"minecraft:light_blue_stained_glass":1,"minecraft:magma_block":6,"minecraft:iron_ore":229,"minecraft:cobbled_deepslate":27,"minecraft:fire":1,"projectvibrantjourneys:bark_mushroom":1,"minecraft:moss_carpet":2,"minecraft:deepslate_lapis_ore":16,"create:asurine":11,"minecraft:cave_vines":57,"minecraft:dirt_path":3,"ecologics:walnut_log":2,"projectvibrantjourneys:cattail":2,"minecraft:deepslate_redstone_ore":9,"minecraft:brown_mushroom":1,"minecraft:quartz_block":7,"projectvibrantjourneys:sea_oats":3,"minecraft:medium_amethyst_bud":1,"minecraft:amethyst_cluster":16,"minecraft:blue_stained_glass":4,"minecraft:clay":9,"minecraft:torch":41,"minecraft:light_gray_terracotta":10,"projectvibrantjourneys:twigs":1,"minecraft:white_stained_glass_pane":3,"minecraft:cobblestone":102,"projectvibrantjourneys:fallen_leaves":2,"minecraft:oak_planks":2,"minecraft:wall_torch":23,"minecraft:amethyst_block":8,"minecraft:deepslate_copper_ore":44,"projectvibrantjourneys:light_brown_bark_mushroom":2,"minecraft:birch_log":76,"minecraft:cherry_door":1,"minecraft:grass":68,"minecraft:oak_log":148,"projectvibrantjourneys:short_grass":28,"ecologics:flowering_azalea_log":1,"minecraft:dirt":95,"projectvibrantjourneys:pinecones":2,"minecraft:sand":43,"minecraft:oak_leaves":61,"minecraft:deepslate":128,"create:zinc_ore":1,"minecraft:tuff":11,"minecraft:deepslate_diamond_ore":12,"minecraft:oak_door":22,"minecraft:dark_oak_log":10,"projectvibrantjourneys:rocks":3,"psg:sulphur_ore":6,"minecraft:glow_lichen":4,"minecraft:allium":1,"minecraft:white_stained_glass":2,"ecologics:coconut_log":6,"minecraft:moss_block":16,"minecraft:red_mushroom":1,"minecraft:hay_block":23,"minecraft:spore_blossom":1,"minecraft:furnace":2,"minecraft:andesite":24,"minecraft:big_dripleaf_stem":1,"minecraft:cobblestone_slab":5,"minecraft:deepslate_iron_ore":133,"minecraft:rail":2,"minecraft:stripped_oak_log":1,"projectvibrantjourneys:seashells":7,"minecraft:stone":688,"minecraft:flowering_azalea":2,"minecraft:glass_pane":6,"minecraft:cherry_planks":2,"minecraft:hanging_roots":1,"psg:deepslate_sulphur_ore":1,"minecraft:oak_fence":1,"minecraft:crafting_table":5,"projectvibrantjourneys:mossy_rocks":1,"minecraft:copper_ore":23,"minecraft:tall_grass":36,"minecraft:lapis_ore":1,"minecraft:deepslate_gold_ore":21,"minecraft:lily_pad":1,"minecraft:diorite":2,"minecraft:blue_bed":1,"minecraft:big_dripleaf":2,"minecraft:birch_planks":1,"philipsruins:chiseled_bone_bricks":1,"minecraft:spruce_log":7,"minecraft:birch_leaves":8,"minecraft:red_wall_banner":1,"minecraft:yellow_bed":22,"k_turrets:titanium_ore":5,"ecologics:hanging_coconut":1,"minecraft:coal_ore":153,"minecraft:cherry_leaves":2,"minecraft:gravel":29,"pointblank:workstation":2,"minecraft:cobweb":21,"ecologics:walnut_planks":1,"minecraft:stone_bricks":5,"minecraft:small_dripleaf":1,"minecraft:gold_ore":5,"ecologics:coconut_seedling":2,"minecraft:fern":1},"minecraft:dropped":{"minecraft:iron_sword":1,"minecraft:porkchop":25,"minecraft:moss_block":2,"minecraft:birch_planks":2,"minecraft:oak_log":21,"minecraft:spore_blossom":1,"minecraft:crafting_table":1,"minecraft:cooked_porkchop":4,"minecraft:glow_berries":4,"minecraft:leather":11,"max_armory:copper_halberd":2,"minecraft:rail":5,"farmersdelight:rice":4,"minecraft:cyan_terracotta":10,"minecraft:dirt":151,"max_armory:stone_long_sword":1,"minecraft:mutton":6,"projectvibrantjourneys:fallen_leaves":1,"minecraft:cracked_deepslate_tiles":3,"minecraft:iron_pickaxe":6,"minecraft:dark_oak_boat":1,"minecraft:cherry_door":3,"minecraft:birch_log":1,"minecraft:white_wool":6,"projectvibrantjourneys:bark_mushroom":1,"minecraft:bone":15,"minecraft:gravel":8,"minecraft:cherry_boat":6,"minecraft:stone_axe":3,"minecraft:detector_rail":3,"minecraft:cobbled_deepslate":13,"minecraft:wheat":5,"minecraft:rotten_flesh":32,"minecraft:oak_planks":1,"minecraft:white_bed":1,"minecraft:carrot":5,"minecraft:trident":2,"minecraft:gunpowder":6,"minecraft:ladder":2,"ecologics:coconut_husk":1,"k_turrets:raw_titanium":4,"max_armory:iron_machete":2,"minecraft:arrow":2,"minecraft:beef":26,"projectvibrantjourneys:cattail":2,"tacz:attachment":1,"minecraft:iron_ingot":1,"minecraft:bread":33,"minecraft:wheat_seeds":5,"minecraft:feather":6,"ecologics:coconut_seedling":3,"minecraft:iron_helmet":1,"minecraft:cobblestone":71,"minecraft:amethyst_block":7,"minecraft:apple":3,"minecraft:coal":46,"minecraft:golden_apple":1,"minecraft:stick":16,"minecraft:diorite":2,"minecraft:torch":80,"minecraft:brown_wool":1,"minecraft:cherry_planks":34,"minecraft:iron_leggings":1,"tacz:modern_kinetic_gun":10,"minecraft:iron_axe":2,"minecraft:string":6,"minecraft:lily_pad":8,"create:raw_zinc":8,"minecraft:moss_carpet":3,"minecraft:stone_sword":7,"minecraft:raw_iron":4,"minecraft:red_banner":1,"minecraft:chicken":6,"minecraft:clay_ball":24,"minecraft:iron_boots":1,"sophisticatedbackpacks:backpack":1,"pointblank:shortgrip":1,"pointblank:gunmetal_nugget":64,"securitycraft:universal_block_remover":1,"minecraft:cobblestone_slab":16,"minecraft:allium":1,"minecraft:iron_chestplate":1,"minecraft:yellow_bed":3,"minecraft:oak_boat":2,"max_armory:copper_machete":6,"tacz:ammo":226,"minecraft:birch_boat":1,"minecraft:bow":3,"minecraft:wooden_pickaxe":3,"minecraft:stone_pickaxe":3,"minecraft:magma_block":6},"minecraft:picked_up":{"minecraft:seagrass":2,"minecraft:iron_chestplate":5,"minecraft:birch_door":49,"minecraft:wheat":81,"minecraft:prismarine_shard":3,"minecraft:lead":2,"minecraft:amethyst_block":7,"minecraft:string":105,"minecraft:raw_copper":223,"create:limestone":1,"minecraft:iron_leggings":6,"minecraft:cherry_boat":24,"minecraft:deepslate_tiles":3,"minecraft:cobbled_deepslate":177,"minecraft:bucket":4,"minecraft:cobblestone_slab":22,"minecraft:azalea":4,"minecraft:iron_pickaxe":14,"pointblank:workstation":2,"minecraft:dark_oak_door":1,"minecraft:furnace":2,"minecraft:iron_boots":4,"minecraft:stick":75,"ecologics:walnut_log":2,"minecraft:big_dripleaf":9,"minecraft:oak_fence":1,"minecraft:torch":210,"ecologics:coconut_seedling":8,"minecraft:porkchop":34,"psg:sulphur":33,"tacz:attachment":6,"minecraft:cherry_log":20,"minecraft:diorite":2,"max_armory:handle":1,"minecraft:quartz_block":11,"minecraft:stone_sword":20,"minecraft:rotten_flesh":67,"minecraft:tropical_fish":3,"ecologics:coconut_log":12,"minecraft:cyan_terracotta":12,"create:asurine":5,"farmersdelight:rope":5,"projectvibrantjourneys:cattail":2,"minecraft:cod":1,"minecraft:cobblestone":1358,"max_armory:stone_long_sword":1,"ecologics:walnut_planks":1,"minecraft:birch_log":77,"minecraft:magma_block":9,"minecraft:feather":6,"farmersdelight:rice":6,"minecraft:cherry_planks":32,"minecraft:andesite":24,"minecraft:brown_wool":1,"projectvibrantjourneys:fallen_leaves":4,"minecraft:dark_oak_boat":9,"minecraft:potato":1,"minecraft:flint":17,"minecraft:tuff":12,"create:raw_zinc":16,"minecraft:cherry_door":14,"minecraft:lapis_lazuli":116,"minecraft:dirt":424,"max_armory:iron_machete":1,"minecraft:leather_boots":2,"minecraft:glass":52,"minecraft:bone":43,"minecraft:bow":11,"minecraft:wheat_seeds":29,"minecraft:raw_gold":23,"tacz:gun_smith_table":7,"minecraft:moss_block":13,"minecraft:oak_planks":225,"minecraft:cooked_porkchop":4,"psg:raw_potassium":7,"minecraft:sand":43,"ecologics:coconut_husk":8,"overworld_netherite_ore:large_ancient_shard":1,"minecraft:dark_oak_log":10,"max_armory:copper_machete":12,"minecraft:iron_hoe":2,"minecraft:light_gray_terracotta":22,"minecraft:diamond":19,"minecraft:grass":4,"minecraft:golden_apple":1,"minecraft:emerald":3,"minecraft:bread":74,"minecraft:oak_sapling":26,"minecraft:oak_leaves":41,"minecraft:diamond_pickaxe":3,"minecraft:charcoal":11,"minecraft:crafting_table":17,"minecraft:allium":1,"minecraft:chicken":6,"minecraft:ladder":6,"minecraft:clay_ball":112,"minecraft:chest_minecart":2,"minecraft:brown_mushroom":6,"ecologics:seashell":1,"minecraft:wooden_pickaxe":6,"minecraft:shield":2,"minecraft:moss_carpet":18,"minecraft:iron_axe":5,"minecraft:wooden_sword":1,"tacz:ammo":840,"minecraft:detector_rail":3,"minecraft:beef":36,"minecraft:oak_boat":4,"minecraft:chest":1,"minecraft:birch_sapling":16,"minecraft:phantom_membrane":2,"minecraft:raw_iron":414,"minecraft:oak_door":41,"ecologics:coconut_slice":20,"minecraft:copper_ingot":68,"projectvibrantjourneys:bark_mushroom":14,"minecraft:bowl":4,"sophisticatedbackpacks:backpack":5,"pointblank:gunmetal_nugget":261,"minecraft:trident":3,"minecraft:carrot":21,"minecraft:redstone":52,"max_armory:copper_halberd":1,"minecraft:dark_oak_planks":2,"minecraft:arrow":52,"k_turrets:raw_titanium":9,"minecraft:hay_block":44,"minecraft:gold_ingot":18,"minecraft:glow_berries":93,"minecraft:mutton":11,"minecraft:rail":6,"minecraft:white_wool":9,"minecraft:cracked_deepslate_tiles":4,"minecraft:stripped_oak_log":2,"ecologics:flowering_azalea_log":1,"minecraft:glow_ink_sac":1,"minecraft:salmon":10,"minecraft:leather":15,"minecraft:red_mushroom":3,"minecraft:birch_planks":31,"overworld_netherite_ore:ancientdebrispiece":3,"minecraft:oak_log":186,"minecraft:lily_pad":55,"minecraft:yellow_bed":31,"minecraft:gunpowder":24,"projectvibrantjourneys:sea_oats":1,"minecraft:blue_bed":1,"pointblank:shortgrip":1,"minecraft:cooked_mutton":10,"minecraft:apple":6,"minecraft:stone_bricks":13,"minecraft:spore_blossom":1,"minecraft:iron_ingot":29,"minecraft:stone_pickaxe":18,"minecraft:iron_sword":3,"minecraft:flowering_azalea":5,"projectvibrantjourneys:light_brown_bark_mushroom":20,"minecraft:birch_boat":2,"minecraft:gravel":62,"minecraft:amethyst_shard":64,"minecraft:red_banner":2,"minecraft:white_bed":12,"minecraft:spruce_log":26,"minecraft:spider_eye":12,"minecraft:slime_ball":14,"minecraft:stone_axe":13,"tacz:modern_kinetic_gun":14,"minecraft:iron_helmet":4,"minecraft:cherry_sapling":8,"minecraft:coal":187},"minecraft:custom":{"minecraft:interact_with_crafting_table":162,"minecraft:open_barrel":5,"minecraft:leave_game":38,"minecraft:time_since_death":538,"minecraft:sprint_one_cm":1916739,"minecraft:damage_blocked_by_shield":440,"minecraft:drop":1049,"minecraft:play_time":929777,"minecraft:deaths":127,"minecraft:jump":10462,"minecraft:walk_on_water_one_cm":310077,"minecraft:enchant_item":2,"minecraft:interact_with_furnace":334,"minecraft:sleep_in_bed":72,"minecraft:damage_dealt":26574,"minecraft:player_kills":9,"minecraft:crouch_one_cm":21803,"minecraft:mob_kills":136,"minecraft:damage_dealt_resisted":1879,"minecraft:climb_one_cm":35479,"minecraft:walk_one_cm":1507303,"minecraft:damage_dealt_absorbed":80,"minecraft:sneak_time":23517,"minecraft:walk_under_water_one_cm":719266,"minecraft:boat_one_cm":513567,"minecraft:total_world_time":929777,"minecraft:time_since_rest":594,"minecraft:damage_taken":62069,"minecraft:damage_absorbed":40,"minecraft:swim_one_cm":1032450,"minecraft:fly_one_cm":2791980,"minecraft:open_chest":874,"minecraft:fall_one_cm":572199},"minecraft:killed_by":{"minecraft:creeper":4,"minecraft:pillager":2,"minecraft:zombie_horse":1,"hordes:drowned_player":2,"minecraft:zombie":14,"minecraft:husk":1,"minecraft:player":9,"minecraft:spider":4,"minecraft:enderman":3,"hordes:zombie_player":12,"minecraft:skeleton":4}},"DataVersion":3465}