{"stats":{"minecraft:used":{"minecraft:acacia_planks":1},"minecraft:custom":{"minecraft:time_since_rest":871,"minecraft:deaths":1,"minecraft:sprint_one_cm":12065,"minecraft:play_time":4535,"minecraft:damage_taken":256,"minecraft:walk_one_cm":11674,"minecraft:sneak_time":9,"minecraft:walk_under_water_one_cm":6045,"minecraft:jump":51,"minecraft:damage_dealt":214,"minecraft:leave_game":3,"minecraft:walk_on_water_one_cm":3396,"minecraft:time_since_death":849,"minecraft:total_world_time":4535,"minecraft:swim_one_cm":1923,"minecraft:fall_one_cm":1580,"minecraft:fly_one_cm":10198},"minecraft:picked_up":{"minecraft:acacia_planks":1,"minecraft:acacia_log":1,"minecraft:oak_log":1},"minecraft:crafted":{"minecraft:acacia_planks":4},"minecraft:mined":{"minecraft:acacia_log":1,"minecraft:oak_log":1,"minecraft:lilac":1,"minecraft:acacia_planks":1,"minecraft:bee_nest":1}},"DataVersion":3465}