{"stats":{"minecraft:killed_by":{"minecraft:zombified_piglin":3,"minecraft:creeper":4,"minecraft:pillager":2,"minecraft:zombie_horse":1,"minecraft:drowned":1,"hordes:drowned_player":2,"minecraft:zombie":18,"minecraft:husk":1,"minecraft:player":14,"minecraft:spider":4,"minecraft:enderman":4,"hordes:zombie_player":16,"mutantmonsters:mutant_skeleton":1,"minecraft:skeleton":4},"minecraft:custom":{"minecraft:animals_bred":1,"minecraft:interact_with_crafting_table":187,"minecraft:open_barrel":5,"minecraft:leave_game":48,"minecraft:time_since_death":42143,"minecraft:sprint_one_cm":2538943,"minecraft:damage_blocked_by_shield":711,"minecraft:drop":1474,"minecraft:play_time":1214842,"minecraft:deaths":151,"minecraft:jump":13842,"minecraft:walk_on_water_one_cm":370308,"minecraft:enchant_item":2,"minecraft:interact_with_furnace":382,"minecraft:sleep_in_bed":81,"minecraft:damage_dealt":38603,"minecraft:player_kills":11,"minecraft:crouch_one_cm":40727,"minecraft:mob_kills":170,"minecraft:damage_dealt_resisted":3092,"minecraft:climb_one_cm":49169,"minecraft:walk_one_cm":2016578,"minecraft:damage_dealt_absorbed":80,"minecraft:sneak_time":36405,"minecraft:walk_under_water_one_cm":877241,"minecraft:boat_one_cm":515682,"minecraft:total_world_time":1214842,"minecraft:time_since_rest":23791,"minecraft:damage_absorbed":40,"minecraft:damage_taken":72525,"minecraft:swim_one_cm":1272904,"minecraft:fly_one_cm":3551411,"minecraft:open_chest":1093,"minecraft:fall_one_cm":693914},"minecraft:killed":{"minecraft:zombified_piglin":1,"minecraft:spider":12,"minecraft:skeleton":16,"minecraft:guardian":3,"ecologics:coconut_crab":2,"minecraft:turtle":1,"minecraft:tropical_fish":1,"minecraft:pig":4,"minecraft:salmon":12,"hordes:drowned_player":6,"minecraft:sheep":4,"minecraft:zombie":41,"minecraft:cow":5,"hordes:zombie_player":13,"minecraft:slime":15,"minecraft:phantom":4,"minecraft:drowned":17,"minecraft:enderman":1},"minecraft:broken":{"minecraft:stone_pickaxe":9,"max_armory:copper_machete":3,"minecraft:iron_axe":1,"minecraft:iron_pickaxe":4},"minecraft:dropped":{"minecraft:iron_sword":1,"minecraft:moss_block":2,"minecraft:birch_planks":14,"minecraft:porkchop":25,"minecraft:oak_log":21,"minecraft:diamond":1,"minecraft:ender_pearl":1,"minecraft:spore_blossom":1,"minecraft:crafting_table":1,"minecraft:cooked_porkchop":4,"minecraft:glow_berries":4,"minecraft:leather":11,"max_armory:copper_halberd":2,"minecraft:rail":5,"farmersdelight:rice":4,"minecraft:cobblestone_stairs":1,"minecraft:cyan_terracotta":10,"minecraft:dirt":156,"max_armory:stone_long_sword":1,"minecraft:mutton":6,"projectvibrantjourneys:fallen_leaves":1,"minecraft:cracked_deepslate_tiles":3,"minecraft:iron_pickaxe":6,"minecraft:birch_log":1,"minecraft:cherry_door":3,"minecraft:dark_oak_boat":1,"minecraft:white_wool":6,"projectvibrantjourneys:bark_mushroom":1,"minecraft:bone":16,"minecraft:gravel":8,"minecraft:cherry_boat":7,"minecraft:stone_axe":3,"minecraft:detector_rail":3,"minecraft:cobbled_deepslate":13,"minecraft:wheat":5,"minecraft:rotten_flesh":34,"minecraft:oak_planks":1,"psg:raw_potassium":1,"create:asurine":1,"minecraft:white_bed":1,"minecraft:carrot":5,"minecraft:trident":2,"minecraft:gunpowder":6,"ecologics:coconut_husk":1,"k_turrets:raw_titanium":4,"minecraft:ladder":2,"max_armory:iron_machete":2,"minecraft:arrow":2,"minecraft:glass":11,"minecraft:beef":26,"projectvibrantjourneys:cattail":2,"tacz:attachment":1,"minecraft:iron_ingot":1,"minecraft:bread":33,"minecraft:wheat_seeds":5,"ecologics:coconut_seedling":3,"minecraft:iron_helmet":2,"minecraft:feather":6,"minecraft:cobblestone":201,"minecraft:amethyst_block":7,"minecraft:apple":3,"minecraft:copper_ingot":1,"minecraft:coal":55,"minecraft:golden_apple":1,"minecraft:stick":33,"minecraft:diorite":35,"minecraft:torch":154,"minecraft:brown_wool":1,"minecraft:cherry_planks":37,"minecraft:iron_leggings":2,"tacz:modern_kinetic_gun":10,"minecraft:iron_axe":2,"minecraft:string":6,"minecraft:lily_pad":8,"create:raw_zinc":10,"minecraft:moss_carpet":3,"minecraft:stone_sword":14,"minecraft:raw_iron":20,"psg:potassium":15,"minecraft:red_banner":1,"minecraft:chicken":6,"minecraft:clay_ball":24,"minecraft:iron_boots":1,"sophisticatedbackpacks:backpack":1,"pointblank:shortgrip":1,"minecraft:cobbled_deepslate_slab":64,"pointblank:gunmetal_nugget":75,"securitycraft:universal_block_remover":1,"minecraft:cobblestone_slab":17,"max_armory:copper_spear":2,"minecraft:shield":2,"minecraft:allium":1,"minecraft:iron_chestplate":1,"minecraft:yellow_bed":3,"minecraft:oak_boat":2,"max_armory:copper_machete":9,"minecraft:spider_eye":1,"tacz:ammo":226,"minecraft:slime_ball":1,"minecraft:birch_boat":2,"minecraft:bow":3,"minecraft:stone_pickaxe":11,"minecraft:wooden_pickaxe":3,"minecraft:magma_block":6},"minecraft:picked_up":{"minecraft:seagrass":2,"minecraft:iron_chestplate":5,"minecraft:birch_door":49,"minecraft:wheat":81,"minecraft:prismarine_shard":3,"minecraft:lead":2,"pointblank:ammo357":58,"minecraft:amethyst_block":7,"minecraft:lapis_block":1,"minecraft:string":110,"minecraft:raw_copper":246,"create:limestone":1,"minecraft:iron_leggings":9,"minecraft:cherry_boat":27,"minecraft:deepslate_tiles":3,"minecraft:cobbled_deepslate":271,"minecraft:bucket":5,"minecraft:spruce_planks":10,"minecraft:cobblestone_slab":210,"minecraft:azalea":6,"minecraft:iron_pickaxe":21,"pointblank:workstation":2,"minecraft:iron_boots":6,"minecraft:furnace":3,"minecraft:dark_oak_door":1,"minecraft:stick":126,"ecologics:walnut_log":2,"minecraft:big_dripleaf":14,"minecraft:birch_trapdoor":1,"minecraft:oak_fence":2,"minecraft:torch":481,"ecologics:coconut_seedling":8,"minecraft:porkchop":34,"psg:sulphur":33,"tacz:attachment":6,"minecraft:cherry_log":20,"minecraft:diorite":239,"max_armory:handle":1,"minecraft:quartz_block":11,"minecraft:stone_sword":44,"minecraft:rotten_flesh":106,"minecraft:tropical_fish":3,"ecologics:coconut_log":12,"create:asurine":6,"minecraft:cyan_terracotta":20,"farmersdelight:rope":5,"projectvibrantjourneys:cattail":2,"minecraft:obsidian":13,"minecraft:cod":1,"minecraft:cobblestone":2575,"max_armory:stone_long_sword":1,"minecraft:birch_log":83,"ecologics:walnut_planks":1,"minecraft:magma_block":11,"minecraft:feather":6,"minecraft:cooked_beef":6,"farmersdelight:rice":6,"minecraft:cherry_planks":41,"minecraft:water_bucket":2,"minecraft:andesite":24,"projectvibrantjourneys:fallen_leaves":4,"minecraft:brown_wool":1,"minecraft:dark_oak_boat":9,"minecraft:potato":6,"minecraft:flint":21,"minecraft:tuff":16,"create:raw_zinc":20,"projectvibrantjourneys:rocks":8,"minecraft:cherry_door":14,"minecraft:lapis_lazuli":118,"minecraft:dirt":438,"psg:potassium":15,"max_armory:iron_machete":1,"minecraft:leather_boots":2,"minecraft:glass":52,"minecraft:bone":52,"minecraft:bow":13,"minecraft:wheat_seeds":29,"minecraft:raw_gold":35,"minecraft:cobbled_deepslate_slab":64,"tacz:gun_smith_table":7,"minecraft:moss_block":25,"minecraft:oak_planks":232,"minecraft:cooked_porkchop":11,"psg:raw_potassium":26,"minecraft:sand":43,"ecologics:coconut_husk":8,"overworld_netherite_ore:large_ancient_shard":1,"minecraft:diamond_block":1,"minecraft:dark_oak_log":10,"max_armory:copper_machete":20,"minecraft:iron_hoe":2,"minecraft:light_gray_terracotta":44,"minecraft:diamond":26,"minecraft:granite":3,"minecraft:grass":4,"minecraft:golden_apple":2,"minecraft:emerald":3,"minecraft:bread":74,"minecraft:oak_sapling":33,"minecraft:oak_leaves":41,"minecraft:diamond_pickaxe":3,"minecraft:charcoal":11,"minecraft:crafting_table":18,"minecraft:allium":1,"minecraft:chicken":6,"minecraft:ladder":13,"minecraft:clay_ball":266,"minecraft:chest_minecart":2,"minecraft:brown_mushroom":17,"ecologics:seashell":1,"minecraft:wooden_pickaxe":6,"minecraft:shield":11,"minecraft:moss_carpet":29,"minecraft:iron_axe":5,"minecraft:wooden_sword":1,"tacz:ammo":840,"minecraft:detector_rail":3,"minecraft:beef":36,"minecraft:oak_boat":4,"minecraft:chest":1,"minecraft:birch_sapling":16,"minecraft:phantom_membrane":3,"minecraft:raw_iron":527,"minecraft:oak_door":61,"ecologics:coconut_slice":22,"minecraft:copper_ingot":71,"projectvibrantjourneys:bark_mushroom":14,"minecraft:bowl":4,"sophisticatedbackpacks:backpack":6,"pointblank:gunmetal_nugget":366,"minecraft:trident":3,"minecraft:carrot":21,"minecraft:redstone":53,"max_armory:copper_halberd":1,"minecraft:dark_oak_planks":2,"minecraft:arrow":96,"minecraft:beetroot_seeds":8,"k_turrets:raw_titanium":17,"minecraft:hay_block":44,"minecraft:gold_ingot":19,"minecraft:glow_berries":162,"minecraft:mutton":11,"minecraft:rail":6,"minecraft:white_wool":9,"minecraft:cracked_deepslate_tiles":4,"minecraft:stripped_oak_log":2,"ecologics:flowering_azalea_log":1,"minecraft:glow_ink_sac":1,"minecraft:salmon":10,"minecraft:leather":15,"minecraft:red_mushroom":9,"minecraft:birch_planks":99,"overworld_netherite_ore:ancientdebrispiece":3,"minecraft:oak_log":205,"minecraft:lily_pad":55,"max_armory:copper_spear":2,"minecraft:yellow_bed":31,"minecraft:cobblestone_wall":1,"minecraft:gunpowder":43,"minecraft:cobblestone_stairs":2,"projectvibrantjourneys:sea_oats":1,"farmersdelight:flint_knife":1,"minecraft:blue_bed":1,"minecraft:cooked_mutton":10,"pointblank:shortgrip":1,"minecraft:apple":7,"minecraft:stone_bricks":17,"minecraft:kelp":2,"minecraft:spore_blossom":1,"minecraft:iron_ingot":29,"minecraft:stone_pickaxe":42,"minecraft:iron_sword":7,"minecraft:flowering_azalea":5,"projectvibrantjourneys:light_brown_bark_mushroom":20,"minecraft:birch_boat":7,"minecraft:gravel":62,"minecraft:amethyst_shard":64,"minecraft:red_banner":3,"minecraft:white_bed":12,"minecraft:spruce_log":26,"minecraft:spider_eye":26,"minecraft:pumpkin_seeds":1,"minecraft:slime_ball":19,"minecraft:stone_axe":14,"tacz:modern_kinetic_gun":14,"minecraft:iron_helmet":7,"minecraft:cherry_sapling":8,"minecraft:coal":229,"minecraft:ender_pearl":4},"minecraft:mined":{"minecraft:dark_oak_planks":2,"create:deepslate_zinc_ore":4,"minecraft:spruce_planks":2,"minecraft:white_bed":11,"minecraft:farmland":1,"minecraft:cherry_log":20,"minecraft:obsidian":13,"minecraft:cave_vines_plant":62,"minecraft:granite":1,"minecraft:budding_amethyst":1,"minecraft:grass_block":34,"ecologics:coconut_leaves":1,"tacz:gun_smith_table":2,"minecraft:spawner":2,"minecraft:light_blue_stained_glass":1,"minecraft:magma_block":6,"minecraft:iron_ore":283,"minecraft:fire":13,"minecraft:cobbled_deepslate":45,"projectvibrantjourneys:bark_mushroom":1,"minecraft:moss_carpet":2,"minecraft:deepslate_lapis_ore":16,"create:asurine":12,"minecraft:cave_vines":69,"minecraft:dirt_path":3,"minecraft:azalea":1,"ecologics:walnut_log":2,"projectvibrantjourneys:cattail":2,"minecraft:deepslate_redstone_ore":9,"minecraft:brown_mushroom":13,"minecraft:quartz_block":7,"projectvibrantjourneys:sea_oats":3,"minecraft:medium_amethyst_bud":1,"minecraft:amethyst_cluster":16,"minecraft:blue_stained_glass":4,"minecraft:clay":29,"minecraft:torch":50,"minecraft:light_gray_terracotta":10,"projectvibrantjourneys:twigs":1,"minecraft:white_stained_glass_pane":3,"minecraft:cobblestone":267,"projectvibrantjourneys:fallen_leaves":2,"minecraft:oak_planks":2,"minecraft:wall_torch":28,"minecraft:amethyst_block":8,"minecraft:deepslate_copper_ore":44,"projectvibrantjourneys:light_brown_bark_mushroom":2,"minecraft:birch_log":76,"minecraft:birch_trapdoor":1,"minecraft:cherry_door":1,"minecraft:grass":69,"minecraft:oak_log":167,"projectvibrantjourneys:short_grass":28,"minecraft:dirt":107,"ecologics:flowering_azalea_log":1,"minecraft:sand":43,"projectvibrantjourneys:pinecones":2,"minecraft:oak_leaves":65,"minecraft:deepslate":200,"create:zinc_ore":3,"minecraft:tuff":15,"minecraft:deepslate_diamond_ore":18,"minecraft:oak_door":22,"minecraft:dark_oak_log":10,"projectvibrantjourneys:rocks":4,"psg:sulphur_ore":6,"minecraft:glow_lichen":5,"minecraft:ladder":2,"minecraft:allium":1,"minecraft:white_stained_glass":2,"minecraft:redstone_wire":1,"ecologics:coconut_log":6,"minecraft:moss_block":19,"minecraft:red_mushroom":7,"minecraft:hay_block":23,"minecraft:spore_blossom":1,"minecraft:furnace":3,"minecraft:andesite":24,"minecraft:big_dripleaf_stem":2,"minecraft:cobblestone_slab":16,"minecraft:deepslate_iron_ore":169,"minecraft:rail":2,"minecraft:stripped_oak_log":1,"projectvibrantjourneys:seashells":7,"minecraft:stone":1357,"minecraft:flowering_azalea":3,"minecraft:glass_pane":6,"minecraft:cherry_planks":2,"minecraft:hanging_roots":1,"psg:potassium_ore":8,"psg:deepslate_sulphur_ore":1,"minecraft:oak_fence":3,"minecraft:crafting_table":6,"projectvibrantjourneys:mossy_rocks":1,"minecraft:copper_ore":34,"minecraft:tall_grass":39,"minecraft:lapis_ore":1,"minecraft:deepslate_gold_ore":33,"minecraft:lily_pad":1,"minecraft:diorite":204,"minecraft:blue_bed":1,"minecraft:big_dripleaf":2,"minecraft:birch_planks":7,"philipsruins:chiseled_bone_bricks":1,"minecraft:spruce_log":7,"minecraft:birch_leaves":8,"minecraft:yellow_bed":22,"minecraft:red_wall_banner":1,"k_turrets:titanium_ore":11,"ecologics:hanging_coconut":1,"minecraft:coal_ore":198,"minecraft:cherry_leaves":2,"minecraft:gravel":29,"pointblank:workstation":2,"minecraft:cobweb":21,"ecologics:walnut_planks":1,"minecraft:stone_bricks":5,"minecraft:small_dripleaf":1,"minecraft:gold_ore":5,"ecologics:coconut_seedling":2,"minecraft:fern":1},"minecraft:used":{"minecraft:moss_carpet":1,"minecraft:moss_block":5,"minecraft:cherry_sapling":1,"minecraft:ladder":3,"minecraft:chest":6,"minecraft:shield":19,"minecraft:iron_sword":60,"minecraft:rotten_flesh":6,"minecraft:iron_chestplate":5,"minecraft:carrot":15,"minecraft:tuff":7,"minecraft:axolotl_bucket":4,"minecraft:obsidian":10,"minecraft:glass":1,"minecraft:lava_bucket":5,"minecraft:quartz_block":7,"minecraft:iron_helmet":1,"minecraft:stone_bricks":2,"minecraft:birch_trapdoor":5,"pointblank:workstation":2,"ecologics:walnut_planks":5,"minecraft:magma_block":3,"minecraft:bow":13,"minecraft:dark_oak_boat":4,"minecraft:oak_sapling":1,"minecraft:furnace":7,"minecraft:potato":9,"minecraft:diorite":63,"max_armory:stone_long_sword":3,"minecraft:oak_planks":13,"minecraft:stone_pickaxe":1407,"minecraft:ender_pearl":2,"minecraft:wooden_pickaxe":19,"minecraft:blue_bed":1,"max_armory:copper_spear":80,"minecraft:glow_berries":253,"minecraft:golden_apple":1,"minecraft:light_gray_terracotta":4,"minecraft:shears":48,"minecraft:string":1,"minecraft:bread":43,"minecraft:gravel":6,"ecologics:coconut_slice":20,"minecraft:wooden_sword":16,"minecraft:andesite":23,"minecraft:oak_boat":1,"minecraft:oak_fence":17,"minecraft:cherry_boat":4,"minecraft:oak_trapdoor":2,"minecraft:stone_sword":341,"minecraft:flint_and_steel":1,"minecraft:spruce_planks":6,"tacz:gun_smith_table":3,"minecraft:stone_hoe":2,"minecraft:oak_door":69,"minecraft:torch":176,"minecraft:dirt":125,"minecraft:birch_door":49,"minecraft:iron_hoe":11,"minecraft:dark_oak_planks":1,"minecraft:wooden_axe":10,"projectvibrantjourneys:fallen_leaves":2,"minecraft:flowering_azalea":1,"minecraft:iron_axe":278,"minecraft:cherry_trapdoor":2,"minecraft:iron_boots":3,"minecraft:goat_horn":4,"ecologics:coconut_seedling":2,"minecraft:cooked_beef":2,"minecraft:cobbled_deepslate":157,"minecraft:cherry_log":3,"minecraft:iron_leggings":4,"minecraft:cooked_mutton":9,"minecraft:water_bucket":11,"minecraft:cobblestone_stairs":1,"minecraft:birch_planks":44,"minecraft:baked_potato":2,"pointblank:printer":1,"minecraft:birch_boat":7,"minecraft:cherry_planks":5,"minecraft:cobblestone_slab":14,"minecraft:salmon":4,"minecraft:crafting_table":18,"minecraft:white_bed":12,"minecraft:dark_oak_door":1,"minecraft:oak_log":15,"minecraft:diamond_pickaxe":382,"minecraft:apple":10,"minecraft:cherry_door":11,"minecraft:iron_pickaxe":1598,"minecraft:suspicious_stew":2,"minecraft:stone_axe":186,"max_armory:copper_machete":361,"minecraft:cobblestone":853,"minecraft:cooked_porkchop":15,"minecraft:red_banner":1,"minecraft:bucket":22,"minecraft:yellow_bed":23},"minecraft:crafted":{"minecraft:oak_planks":276,"minecraft:dark_oak_boat":2,"ecologics:walnut_planks":8,"minecraft:cherry_boat":1,"minecraft:cobblestone_stairs":4,"minecraft:cooked_mutton":5,"max_armory:copper_spear":3,"minecraft:glass":58,"ecologics:flowering_azalea_planks":4,"max_armory:rod":4,"psg:potassium":15,"minecraft:chest":8,"minecraft:birch_door":3,"max_armory:iron_machete":1,"minecraft:stone_hoe":1,"minecraft:oak_fence":18,"pointblank:printer":1,"sophisticatedbackpacks:backpack":2,"minecraft:cooked_porkchop":7,"minecraft:crafting_table":12,"farmersdelight:iron_knife":1,"minecraft:wooden_pickaxe":4,"minecraft:baked_potato":2,"max_armory:copper_halberd":1,"minecraft:copper_ingot":219,"minecraft:birch_planks":228,"minecraft:iron_chestplate":2,"minecraft:diamond_pickaxe":2,"minecraft:charcoal":53,"minecraft:shield":1,"minecraft:stick":160,"minecraft:iron_ingot":337,"minecraft:iron_pickaxe":11,"minecraft:iron_block":1,"minecraft:stone_sword":2,"minecraft:gold_ingot":16,"max_armory:copper_machete":12,"marbledsarsenal:oak_ghillie_leggings":1,"minecraft:shears":2,"minecraft:cherry_planks":68,"minecraft:oak_door":18,"minecraft:iron_nugget":9,"minecraft:furnace":5,"marbledsarsenal:oak_ghillie_helmet":1,"minecraft:oak_trapdoor":2,"minecraft:glass_pane":16,"minecraft:flint_and_steel":1,"max_armory:stone_long_sword":1,"minecraft:iron_axe":3,"securitycraft:universal_block_remover":1,"marbledsarsenal:oak_ghillie_boots":1,"minecraft:stone_pickaxe":13,"minecraft:dark_oak_planks":28,"marbledsarsenal:oak_ghillie_chestplate":1,"minecraft:wheat":198,"minecraft:cooked_beef":2,"max_armory:handle":27,"pointblank:processor":1,"minecraft:iron_sword":1,"tacz:gun_smith_table":1,"minecraft:bucket":3,"minecraft:stone_axe":5,"minecraft:bread":59,"minecraft:air":0,"minecraft:birch_trapdoor":4,"minecraft:wooden_axe":1,"minecraft:cherry_door":3,"minecraft:iron_leggings":1,"minecraft:armor_stand":1,"minecraft:torch":148}},"DataVersion":3465}