{"stats":{"minecraft:mined":{"minecraft:acacia_log":1,"minecraft:acacia_planks":1},"minecraft:crafted":{"minecraft:acacia_planks":4},"minecraft:picked_up":{"minecraft:acacia_planks":1,"minecraft:acacia_log":1},"minecraft:custom":{"minecraft:jump":16,"minecraft:time_since_rest":1762,"minecraft:leave_game":1,"minecraft:damage_dealt":40,"minecraft:sprint_one_cm":3923,"minecraft:walk_on_water_one_cm":3266,"minecraft:play_time":1762,"minecraft:damage_taken":96,"minecraft:time_since_death":1762,"minecraft:walk_one_cm":4273,"minecraft:total_world_time":1762,"minecraft:walk_under_water_one_cm":3782,"minecraft:swim_one_cm":1923,"minecraft:fall_one_cm":967,"minecraft:fly_one_cm":2748},"minecraft:used":{"minecraft:acacia_planks":1}},"DataVersion":3465}