{"stats":{"minecraft:crafted":{"minecraft:oak_planks":232,"minecraft:dark_oak_boat":2,"ecologics:walnut_planks":8,"minecraft:cherry_boat":1,"minecraft:cooked_mutton":5,"minecraft:glass":46,"ecologics:flowering_azalea_planks":4,"max_armory:rod":1,"minecraft:chest":7,"minecraft:birch_door":3,"max_armory:iron_machete":1,"minecraft:stone_hoe":1,"sophisticatedbackpacks:backpack":2,"minecraft:cooked_porkchop":7,"minecraft:crafting_table":10,"farmersdelight:iron_knife":1,"minecraft:wooden_pickaxe":4,"minecraft:baked_potato":1,"max_armory:copper_halberd":1,"minecraft:copper_ingot":219,"minecraft:birch_planks":112,"minecraft:iron_chestplate":2,"minecraft:diamond_pickaxe":2,"minecraft:charcoal":48,"minecraft:stick":116,"minecraft:iron_ingot":290,"minecraft:iron_pickaxe":10,"minecraft:iron_block":1,"minecraft:stone_sword":2,"minecraft:gold_ingot":16,"max_armory:copper_machete":8,"marbledsarsenal:oak_ghillie_leggings":1,"minecraft:shears":2,"minecraft:cherry_planks":68,"minecraft:oak_door":12,"minecraft:iron_nugget":9,"minecraft:furnace":4,"marbledsarsenal:oak_ghillie_helmet":1,"max_armory:stone_long_sword":1,"minecraft:iron_axe":3,"securitycraft:universal_block_remover":1,"marbledsarsenal:oak_ghillie_boots":1,"minecraft:stone_pickaxe":7,"minecraft:dark_oak_planks":28,"marbledsarsenal:oak_ghillie_chestplate":1,"minecraft:wheat":198,"minecraft:cooked_beef":2,"max_armory:handle":13,"minecraft:iron_sword":1,"tacz:gun_smith_table":1,"minecraft:bucket":1,"minecraft:stone_axe":3,"minecraft:bread":59,"minecraft:air":0,"minecraft:wooden_axe":1,"minecraft:cherry_door":3,"minecraft:iron_leggings":1,"minecraft:armor_stand":1,"minecraft:torch":144},"minecraft:used":{"minecraft:moss_block":4,"minecraft:cherry_sapling":1,"minecraft:moss_carpet":1,"minecraft:ladder":2,"minecraft:chest":5,"minecraft:shield":13,"minecraft:iron_sword":7,"minecraft:rotten_flesh":5,"minecraft:iron_chestplate":5,"minecraft:carrot":15,"minecraft:tuff":3,"minecraft:axolotl_bucket":4,"minecraft:quartz_block":7,"minecraft:iron_helmet":1,"minecraft:stone_bricks":2,"pointblank:workstation":2,"ecologics:walnut_planks":5,"minecraft:magma_block":1,"minecraft:bow":3,"minecraft:dark_oak_boat":4,"minecraft:furnace":5,"max_armory:stone_long_sword":3,"minecraft:oak_planks":12,"minecraft:stone_pickaxe":611,"minecraft:ender_pearl":1,"minecraft:wooden_pickaxe":19,"minecraft:blue_bed":1,"minecraft:golden_apple":1,"minecraft:glow_berries":138,"minecraft:light_gray_terracotta":3,"minecraft:shears":48,"minecraft:bread":37,"minecraft:string":1,"minecraft:gravel":5,"ecologics:coconut_slice":18,"minecraft:wooden_sword":16,"minecraft:andesite":23,"minecraft:cherry_boat":1,"minecraft:stone_sword":238,"tacz:gun_smith_table":3,"minecraft:stone_hoe":2,"minecraft:oak_door":35,"minecraft:torch":138,"minecraft:dirt":118,"minecraft:birch_door":49,"minecraft:iron_hoe":11,"minecraft:dark_oak_planks":1,"minecraft:wooden_axe":10,"projectvibrantjourneys:fallen_leaves":2,"minecraft:flowering_azalea":1,"minecraft:iron_axe":267,"minecraft:iron_boots":1,"minecraft:goat_horn":4,"ecologics:coconut_seedling":2,"minecraft:cooked_beef":2,"minecraft:cobbled_deepslate":82,"minecraft:cherry_log":3,"minecraft:iron_leggings":3,"minecraft:cooked_mutton":9,"minecraft:water_bucket":4,"minecraft:birch_planks":19,"minecraft:baked_potato":1,"minecraft:cherry_planks":5,"minecraft:cobblestone_slab":3,"minecraft:salmon":4,"minecraft:crafting_table":15,"minecraft:white_bed":12,"minecraft:dark_oak_door":1,"minecraft:oak_log":15,"minecraft:diamond_pickaxe":137,"minecraft:apple":6,"minecraft:cherry_door":11,"minecraft:iron_pickaxe":1211,"minecraft:suspicious_stew":2,"minecraft:stone_axe":160,"max_armory:copper_machete":198,"minecraft:cobblestone":568,"minecraft:cooked_porkchop":9,"minecraft:bucket":8,"minecraft:yellow_bed":23},"minecraft:broken":{"minecraft:stone_pickaxe":4,"max_armory:copper_machete":1,"minecraft:iron_axe":1,"minecraft:iron_pickaxe":3},"minecraft:killed":{"minecraft:spider":12,"minecraft:skeleton":13,"minecraft:guardian":2,"ecologics:coconut_crab":2,"minecraft:turtle":1,"minecraft:tropical_fish":1,"minecraft:pig":4,"minecraft:salmon":12,"hordes:drowned_player":6,"minecraft:sheep":4,"minecraft:zombie":17,"minecraft:cow":5,"hordes:zombie_player":6,"minecraft:slime":15,"minecraft:phantom":1,"minecraft:drowned":15},"minecraft:mined":{"minecraft:dark_oak_planks":2,"create:deepslate_zinc_ore":4,"minecraft:white_bed":10,"minecraft:farmland":1,"minecraft:cherry_log":20,"minecraft:cave_vines_plant":36,"minecraft:budding_amethyst":1,"minecraft:grass_block":34,"ecologics:coconut_leaves":1,"tacz:gun_smith_table":2,"minecraft:spawner":2,"minecraft:light_blue_stained_glass":1,"minecraft:magma_block":6,"minecraft:iron_ore":209,"minecraft:cobbled_deepslate":27,"minecraft:fire":1,"projectvibrantjourneys:bark_mushroom":1,"minecraft:moss_carpet":2,"minecraft:deepslate_lapis_ore":16,"create:asurine":11,"minecraft:cave_vines":57,"minecraft:dirt_path":3,"ecologics:walnut_log":2,"projectvibrantjourneys:cattail":2,"minecraft:deepslate_redstone_ore":9,"minecraft:brown_mushroom":1,"minecraft:quartz_block":7,"projectvibrantjourneys:sea_oats":3,"minecraft:medium_amethyst_bud":1,"minecraft:amethyst_cluster":16,"minecraft:blue_stained_glass":4,"minecraft:clay":9,"minecraft:torch":36,"minecraft:light_gray_terracotta":10,"projectvibrantjourneys:twigs":1,"minecraft:white_stained_glass_pane":3,"minecraft:cobblestone":100,"projectvibrantjourneys:fallen_leaves":2,"minecraft:oak_planks":2,"minecraft:wall_torch":23,"minecraft:amethyst_block":8,"minecraft:deepslate_copper_ore":44,"projectvibrantjourneys:light_brown_bark_mushroom":2,"minecraft:birch_log":76,"minecraft:cherry_door":1,"minecraft:grass":68,"minecraft:oak_log":148,"projectvibrantjourneys:short_grass":28,"ecologics:flowering_azalea_log":1,"minecraft:dirt":94,"projectvibrantjourneys:pinecones":2,"minecraft:sand":43,"minecraft:oak_leaves":61,"minecraft:deepslate":128,"create:zinc_ore":1,"minecraft:tuff":11,"minecraft:deepslate_diamond_ore":12,"minecraft:oak_door":22,"minecraft:dark_oak_log":10,"projectvibrantjourneys:rocks":3,"psg:sulphur_ore":6,"minecraft:glow_lichen":4,"minecraft:allium":1,"minecraft:white_stained_glass":2,"ecologics:coconut_log":6,"minecraft:moss_block":16,"minecraft:red_mushroom":1,"minecraft:hay_block":23,"minecraft:spore_blossom":1,"minecraft:furnace":2,"minecraft:andesite":24,"minecraft:big_dripleaf_stem":1,"minecraft:cobblestone_slab":5,"minecraft:deepslate_iron_ore":133,"minecraft:rail":2,"minecraft:stripped_oak_log":1,"projectvibrantjourneys:seashells":7,"minecraft:stone":669,"minecraft:flowering_azalea":2,"minecraft:glass_pane":6,"minecraft:cherry_planks":1,"minecraft:hanging_roots":1,"psg:deepslate_sulphur_ore":1,"minecraft:oak_fence":1,"minecraft:crafting_table":5,"projectvibrantjourneys:mossy_rocks":1,"minecraft:copper_ore":23,"minecraft:tall_grass":36,"minecraft:lapis_ore":1,"minecraft:deepslate_gold_ore":21,"minecraft:lily_pad":1,"minecraft:diorite":2,"minecraft:blue_bed":1,"minecraft:big_dripleaf":2,"philipsruins:chiseled_bone_bricks":1,"minecraft:spruce_log":7,"minecraft:birch_leaves":8,"minecraft:yellow_bed":22,"k_turrets:titanium_ore":4,"ecologics:hanging_coconut":1,"minecraft:coal_ore":152,"minecraft:cherry_leaves":2,"minecraft:gravel":28,"pointblank:workstation":2,"minecraft:cobweb":19,"ecologics:walnut_planks":1,"minecraft:stone_bricks":5,"minecraft:small_dripleaf":1,"minecraft:gold_ore":5,"ecologics:coconut_seedling":2,"minecraft:fern":1},"minecraft:dropped":{"minecraft:moss_block":2,"minecraft:birch_planks":2,"minecraft:oak_log":21,"minecraft:spore_blossom":1,"minecraft:crafting_table":1,"minecraft:cooked_porkchop":4,"minecraft:glow_berries":4,"max_armory:copper_halberd":2,"minecraft:dirt":133,"max_armory:stone_long_sword":1,"projectvibrantjourneys:fallen_leaves":1,"minecraft:iron_pickaxe":5,"minecraft:cherry_door":3,"minecraft:birch_log":1,"projectvibrantjourneys:bark_mushroom":1,"minecraft:bone":8,"minecraft:gravel":4,"minecraft:stone_axe":2,"minecraft:cobbled_deepslate":11,"minecraft:wheat":5,"minecraft:rotten_flesh":23,"minecraft:oak_planks":1,"minecraft:white_bed":1,"minecraft:carrot":5,"minecraft:trident":2,"ecologics:coconut_husk":1,"k_turrets:raw_titanium":4,"max_armory:iron_machete":2,"projectvibrantjourneys:cattail":2,"tacz:attachment":1,"minecraft:iron_ingot":1,"minecraft:bread":33,"minecraft:wheat_seeds":5,"ecologics:coconut_seedling":3,"minecraft:cobblestone":32,"minecraft:amethyst_block":7,"minecraft:apple":3,"minecraft:coal":45,"minecraft:golden_apple":1,"minecraft:stick":15,"minecraft:diorite":2,"minecraft:torch":64,"minecraft:cherry_planks":34,"tacz:modern_kinetic_gun":9,"minecraft:iron_axe":2,"minecraft:lily_pad":8,"create:raw_zinc":8,"minecraft:moss_carpet":3,"minecraft:stone_sword":4,"minecraft:raw_iron":4,"minecraft:clay_ball":24,"sophisticatedbackpacks:backpack":1,"pointblank:gunmetal_nugget":34,"securitycraft:universal_block_remover":1,"minecraft:allium":1,"minecraft:iron_chestplate":1,"minecraft:yellow_bed":3,"max_armory:copper_machete":3,"tacz:ammo":166,"minecraft:bow":2,"minecraft:wooden_pickaxe":3,"minecraft:stone_pickaxe":2,"minecraft:magma_block":2},"minecraft:picked_up":{"minecraft:seagrass":2,"minecraft:iron_chestplate":5,"minecraft:birch_door":49,"minecraft:wheat":81,"minecraft:prismarine_shard":3,"minecraft:lead":2,"minecraft:amethyst_block":7,"minecraft:string":96,"minecraft:raw_copper":223,"create:limestone":1,"minecraft:iron_leggings":3,"minecraft:deepslate_tiles":1,"minecraft:cobbled_deepslate":175,"minecraft:bucket":4,"minecraft:cobblestone_slab":6,"minecraft:azalea":4,"minecraft:iron_pickaxe":13,"pointblank:workstation":2,"minecraft:dark_oak_door":1,"minecraft:furnace":2,"minecraft:iron_boots":1,"minecraft:stick":74,"ecologics:walnut_log":2,"minecraft:big_dripleaf":9,"minecraft:oak_fence":1,"minecraft:torch":206,"ecologics:coconut_seedling":8,"minecraft:porkchop":9,"psg:sulphur":33,"tacz:attachment":6,"minecraft:cherry_log":20,"minecraft:diorite":2,"max_armory:handle":1,"minecraft:quartz_block":11,"minecraft:stone_sword":11,"minecraft:rotten_flesh":54,"minecraft:tropical_fish":3,"ecologics:coconut_log":12,"create:asurine":5,"farmersdelight:rope":5,"projectvibrantjourneys:cattail":2,"minecraft:cod":1,"minecraft:cobblestone":1298,"max_armory:stone_long_sword":1,"ecologics:walnut_planks":1,"minecraft:birch_log":77,"minecraft:magma_block":5,"minecraft:cherry_planks":32,"minecraft:andesite":24,"projectvibrantjourneys:fallen_leaves":4,"minecraft:dark_oak_boat":6,"minecraft:potato":1,"minecraft:flint":17,"minecraft:tuff":12,"create:raw_zinc":16,"minecraft:cherry_door":14,"minecraft:lapis_lazuli":116,"minecraft:dirt":404,"max_armory:iron_machete":1,"minecraft:leather_boots":2,"minecraft:glass":52,"minecraft:bone":29,"minecraft:bow":8,"minecraft:wheat_seeds":29,"minecraft:raw_gold":23,"tacz:gun_smith_table":7,"minecraft:moss_block":13,"minecraft:oak_planks":225,"minecraft:cooked_porkchop":4,"psg:raw_potassium":7,"minecraft:sand":43,"ecologics:coconut_husk":8,"overworld_netherite_ore:large_ancient_shard":1,"minecraft:dark_oak_log":10,"max_armory:copper_machete":7,"minecraft:iron_hoe":2,"minecraft:light_gray_terracotta":22,"minecraft:diamond":19,"minecraft:grass":4,"minecraft:golden_apple":1,"minecraft:emerald":3,"minecraft:bread":74,"minecraft:oak_sapling":26,"minecraft:oak_leaves":41,"minecraft:diamond_pickaxe":3,"minecraft:charcoal":11,"minecraft:crafting_table":17,"minecraft:allium":1,"minecraft:ladder":2,"minecraft:clay_ball":112,"minecraft:brown_mushroom":6,"ecologics:seashell":1,"minecraft:wooden_pickaxe":6,"minecraft:shield":2,"minecraft:moss_carpet":18,"minecraft:iron_axe":5,"minecraft:wooden_sword":1,"tacz:ammo":780,"minecraft:beef":10,"minecraft:chest":1,"minecraft:birch_sapling":16,"minecraft:phantom_membrane":2,"minecraft:raw_iron":396,"minecraft:oak_door":32,"ecologics:coconut_slice":20,"minecraft:copper_ingot":68,"projectvibrantjourneys:bark_mushroom":14,"minecraft:bowl":4,"sophisticatedbackpacks:backpack":5,"pointblank:gunmetal_nugget":209,"minecraft:trident":3,"minecraft:carrot":21,"minecraft:redstone":52,"max_armory:copper_halberd":1,"minecraft:dark_oak_planks":2,"minecraft:arrow":34,"k_turrets:raw_titanium":8,"minecraft:hay_block":44,"minecraft:gold_ingot":18,"minecraft:glow_berries":88,"minecraft:mutton":5,"minecraft:rail":1,"minecraft:white_wool":3,"minecraft:stripped_oak_log":2,"ecologics:flowering_azalea_log":1,"minecraft:glow_ink_sac":1,"minecraft:salmon":10,"minecraft:leather":4,"minecraft:red_mushroom":3,"minecraft:birch_planks":30,"overworld_netherite_ore:ancientdebrispiece":3,"minecraft:oak_log":186,"minecraft:lily_pad":55,"minecraft:yellow_bed":31,"minecraft:gunpowder":16,"projectvibrantjourneys:sea_oats":1,"minecraft:blue_bed":1,"minecraft:cooked_mutton":10,"minecraft:apple":6,"minecraft:stone_bricks":13,"minecraft:spore_blossom":1,"minecraft:iron_ingot":29,"minecraft:stone_pickaxe":17,"minecraft:flowering_azalea":5,"projectvibrantjourneys:light_brown_bark_mushroom":20,"minecraft:gravel":57,"minecraft:amethyst_shard":64,"minecraft:white_bed":12,"minecraft:spruce_log":26,"minecraft:spider_eye":12,"minecraft:slime_ball":14,"minecraft:stone_axe":11,"tacz:modern_kinetic_gun":14,"minecraft:iron_helmet":3,"minecraft:cherry_sapling":8,"minecraft:coal":185},"minecraft:custom":{"minecraft:interact_with_crafting_table":135,"minecraft:open_barrel":5,"minecraft:leave_game":37,"minecraft:time_since_death":35303,"minecraft:sprint_one_cm":1680208,"minecraft:damage_blocked_by_shield":440,"minecraft:drop":725,"minecraft:play_time":834405,"minecraft:deaths":106,"minecraft:jump":9282,"minecraft:walk_on_water_one_cm":291658,"minecraft:enchant_item":2,"minecraft:interact_with_furnace":305,"minecraft:sleep_in_bed":60,"minecraft:damage_dealt":23058,"minecraft:player_kills":7,"minecraft:crouch_one_cm":20867,"minecraft:mob_kills":124,"minecraft:damage_dealt_resisted":1592,"minecraft:climb_one_cm":18826,"minecraft:walk_one_cm":1366322,"minecraft:sneak_time":21476,"minecraft:walk_under_water_one_cm":589215,"minecraft:boat_one_cm":505962,"minecraft:total_world_time":834405,"minecraft:time_since_rest":28402,"minecraft:damage_taken":54448,"minecraft:damage_absorbed":40,"minecraft:swim_one_cm":889204,"minecraft:fly_one_cm":2523306,"minecraft:open_chest":764,"minecraft:fall_one_cm":503358},"minecraft:killed_by":{"minecraft:creeper":1,"minecraft:pillager":2,"minecraft:zombie_horse":1,"hordes:drowned_player":1,"minecraft:zombie":11,"minecraft:husk":1,"minecraft:player":8,"minecraft:spider":4,"minecraft:enderman":2,"hordes:zombie_player":8,"minecraft:skeleton":2}},"DataVersion":3465}