{"stats":{"minecraft:crafted":{"minecraft:oak_planks":140,"minecraft:dark_oak_boat":1,"ecologics:walnut_planks":8,"minecraft:furnace":2,"marbledsarsenal:oak_ghillie_helmet":1,"max_armory:stone_long_sword":1,"minecraft:glass":32,"marbledsarsenal:oak_ghillie_boots":1,"minecraft:stone_pickaxe":6,"minecraft:chest":2,"max_armory:iron_machete":1,"minecraft:dark_oak_planks":20,"minecraft:stone_hoe":1,"marbledsarsenal:oak_ghillie_chestplate":1,"minecraft:wheat":198,"minecraft:cooked_porkchop":1,"max_armory:handle":6,"minecraft:crafting_table":6,"farmersdelight:iron_knife":1,"minecraft:wooden_pickaxe":4,"tacz:gun_smith_table":1,"minecraft:copper_ingot":31,"minecraft:birch_planks":64,"minecraft:stone_axe":3,"minecraft:bread":59,"minecraft:air":0,"minecraft:charcoal":10,"minecraft:wooden_axe":1,"minecraft:stick":56,"minecraft:iron_ingot":9,"minecraft:iron_pickaxe":3,"minecraft:iron_block":1,"minecraft:stone_sword":2,"minecraft:armor_stand":1,"max_armory:copper_machete":4,"minecraft:torch":8,"marbledsarsenal:oak_ghillie_leggings":1,"minecraft:shears":1},"minecraft:used":{"minecraft:stone_sword":238,"minecraft:ladder":2,"minecraft:chest":2,"tacz:gun_smith_table":3,"minecraft:shield":13,"minecraft:stone_hoe":2,"minecraft:iron_chestplate":1,"minecraft:torch":10,"minecraft:dirt":58,"minecraft:carrot":15,"minecraft:iron_hoe":11,"minecraft:wooden_axe":10,"projectvibrantjourneys:fallen_leaves":2,"minecraft:quartz_block":7,"minecraft:stone_bricks":2,"pointblank:workstation":2,"ecologics:walnut_planks":5,"minecraft:dark_oak_boat":1,"minecraft:goat_horn":4,"minecraft:furnace":2,"minecraft:cooked_mutton":4,"minecraft:water_bucket":1,"max_armory:stone_long_sword":3,"minecraft:stone_pickaxe":422,"minecraft:oak_planks":6,"minecraft:ender_pearl":1,"minecraft:wooden_pickaxe":18,"minecraft:blue_bed":1,"minecraft:golden_apple":1,"minecraft:crafting_table":10,"minecraft:light_gray_terracotta":3,"minecraft:white_bed":7,"minecraft:dark_oak_door":1,"minecraft:shears":48,"minecraft:oak_log":2,"minecraft:string":1,"minecraft:bread":27,"minecraft:iron_pickaxe":7,"minecraft:suspicious_stew":2,"max_armory:copper_machete":17,"minecraft:stone_axe":100,"minecraft:wooden_sword":16,"minecraft:cobblestone":74,"minecraft:cooked_porkchop":3,"minecraft:bucket":1,"minecraft:yellow_bed":16},"minecraft:broken":{"minecraft:stone_pickaxe":3},"minecraft:killed":{"hordes:zombie_player":5,"minecraft:spider":12,"minecraft:skeleton":8,"minecraft:pig":2,"minecraft:salmon":8,"hordes:drowned_player":1,"minecraft:zombie":8,"minecraft:cow":4},"minecraft:mined":{"minecraft:dark_oak_planks":2,"minecraft:white_bed":7,"minecraft:farmland":1,"minecraft:dark_oak_log":8,"projectvibrantjourneys:rocks":1,"psg:sulphur_ore":2,"minecraft:allium":1,"minecraft:grass_block":31,"minecraft:white_stained_glass":2,"tacz:gun_smith_table":2,"minecraft:spawner":2,"minecraft:light_blue_stained_glass":1,"minecraft:hay_block":23,"minecraft:furnace":1,"minecraft:iron_ore":4,"minecraft:deepslate_iron_ore":5,"minecraft:dirt_path":3,"ecologics:walnut_log":2,"projectvibrantjourneys:seashells":6,"minecraft:stone":185,"projectvibrantjourneys:cattail":2,"minecraft:glass_pane":6,"minecraft:quartz_block":7,"projectvibrantjourneys:sea_oats":3,"minecraft:blue_stained_glass":4,"minecraft:oak_fence":1,"minecraft:light_gray_terracotta":10,"minecraft:crafting_table":3,"minecraft:torch":8,"projectvibrantjourneys:twigs":1,"minecraft:white_stained_glass_pane":3,"minecraft:copper_ore":7,"minecraft:tall_grass":32,"minecraft:cobblestone":34,"minecraft:lily_pad":1,"projectvibrantjourneys:fallen_leaves":2,"minecraft:oak_planks":1,"minecraft:blue_bed":1,"minecraft:wall_torch":7,"projectvibrantjourneys:light_brown_bark_mushroom":1,"philipsruins:chiseled_bone_bricks":1,"minecraft:birch_log":20,"minecraft:spruce_log":7,"minecraft:birch_leaves":3,"minecraft:yellow_bed":15,"k_turrets:titanium_ore":4,"minecraft:grass":56,"minecraft:oak_log":32,"minecraft:coal_ore":5,"projectvibrantjourneys:short_grass":21,"minecraft:gravel":18,"minecraft:dirt":39,"minecraft:sand":4,"projectvibrantjourneys:pinecones":2,"pointblank:workstation":2,"minecraft:cobweb":7,"ecologics:walnut_planks":1,"minecraft:stone_bricks":5,"minecraft:oak_leaves":46,"minecraft:deepslate":12,"minecraft:fern":1},"minecraft:dropped":{"minecraft:bread":33,"minecraft:wheat_seeds":3,"minecraft:crafting_table":1,"minecraft:cooked_porkchop":4,"minecraft:cobblestone":1,"minecraft:apple":3,"minecraft:golden_apple":1,"minecraft:stick":7,"minecraft:dirt":112,"max_armory:stone_long_sword":1,"projectvibrantjourneys:fallen_leaves":1,"minecraft:birch_log":1,"projectvibrantjourneys:bark_mushroom":1,"minecraft:bone":8,"minecraft:stone_axe":2,"minecraft:stone_sword":4,"minecraft:rotten_flesh":2,"minecraft:white_bed":1,"minecraft:carrot":5,"pointblank:gunmetal_nugget":34,"minecraft:allium":1,"minecraft:yellow_bed":3,"k_turrets:raw_titanium":4,"max_armory:iron_machete":2,"max_armory:copper_machete":2,"minecraft:bow":2,"minecraft:wooden_pickaxe":2,"minecraft:stone_pickaxe":2,"projectvibrantjourneys:cattail":2},"minecraft:picked_up":{"minecraft:crafting_table":14,"minecraft:charcoal":10,"minecraft:iron_chestplate":2,"minecraft:allium":1,"minecraft:wheat":76,"minecraft:ladder":2,"minecraft:prismarine_shard":3,"minecraft:lead":2,"minecraft:wooden_pickaxe":3,"minecraft:shield":2,"minecraft:string":80,"minecraft:raw_copper":24,"create:limestone":1,"minecraft:wooden_sword":1,"minecraft:deepslate_tiles":1,"minecraft:cobbled_deepslate":32,"minecraft:bucket":2,"minecraft:beef":8,"minecraft:cobblestone_slab":1,"minecraft:chest":1,"minecraft:birch_sapling":7,"pointblank:workstation":2,"minecraft:phantom_membrane":2,"minecraft:dark_oak_door":1,"minecraft:stick":34,"minecraft:raw_iron":17,"ecologics:walnut_log":2,"projectvibrantjourneys:bark_mushroom":2,"minecraft:copper_ingot":52,"minecraft:oak_fence":1,"minecraft:torch":32,"minecraft:bowl":4,"minecraft:porkchop":3,"pointblank:gunmetal_nugget":156,"psg:sulphur":12,"minecraft:carrot":21,"minecraft:dark_oak_planks":2,"max_armory:handle":1,"minecraft:quartz_block":11,"minecraft:stone_sword":11,"minecraft:arrow":30,"minecraft:rotten_flesh":18,"k_turrets:raw_titanium":8,"minecraft:hay_block":44,"farmersdelight:rope":5,"projectvibrantjourneys:cattail":2,"minecraft:rail":1,"minecraft:cobblestone":533,"max_armory:stone_long_sword":1,"minecraft:birch_log":21,"ecologics:walnut_planks":1,"minecraft:dark_oak_boat":1,"minecraft:salmon":6,"projectvibrantjourneys:fallen_leaves":4,"minecraft:leather":4,"minecraft:flint":15,"create:raw_zinc":3,"minecraft:oak_log":42,"minecraft:lily_pad":35,"minecraft:yellow_bed":24,"minecraft:gunpowder":5,"projectvibrantjourneys:sea_oats":1,"minecraft:dirt":315,"minecraft:blue_bed":1,"max_armory:iron_machete":1,"minecraft:leather_boots":2,"minecraft:cooked_mutton":10,"minecraft:glass":32,"minecraft:bone":25,"minecraft:stone_bricks":13,"minecraft:bow":6,"minecraft:wheat_seeds":17,"minecraft:iron_ingot":23,"minecraft:stone_pickaxe":16,"tacz:gun_smith_table":7,"minecraft:oak_planks":188,"projectvibrantjourneys:light_brown_bark_mushroom":1,"minecraft:cooked_porkchop":4,"psg:raw_potassium":5,"minecraft:gravel":43,"minecraft:sand":7,"minecraft:white_bed":9,"minecraft:spruce_log":26,"max_armory:copper_machete":2,"minecraft:dark_oak_log":8,"minecraft:spider_eye":12,"minecraft:iron_hoe":2,"minecraft:light_gray_terracotta":22,"minecraft:stone_axe":10,"minecraft:iron_helmet":2,"minecraft:grass":4,"minecraft:golden_apple":1,"minecraft:bread":60,"minecraft:emerald":3,"minecraft:oak_sapling":1,"minecraft:oak_leaves":41,"minecraft:coal":5},"minecraft:custom":{"minecraft:mob_kills":53,"minecraft:interact_with_crafting_table":67,"minecraft:open_barrel":1,"minecraft:damage_dealt_resisted":321,"minecraft:leave_game":22,"minecraft:time_since_death":9308,"minecraft:climb_one_cm":16246,"minecraft:sprint_one_cm":1015162,"minecraft:walk_one_cm":730383,"minecraft:damage_blocked_by_shield":440,"minecraft:drop":245,"minecraft:play_time":295585,"minecraft:sneak_time":2318,"minecraft:deaths":65,"minecraft:walk_under_water_one_cm":113801,"minecraft:boat_one_cm":69283,"minecraft:jump":4902,"minecraft:walk_on_water_one_cm":83451,"minecraft:total_world_time":295585,"minecraft:interact_with_furnace":47,"minecraft:sleep_in_bed":21,"minecraft:time_since_rest":9351,"minecraft:damage_taken":23083,"minecraft:damage_absorbed":40,"minecraft:damage_dealt":12257,"minecraft:player_kills":4,"minecraft:swim_one_cm":197336,"minecraft:fly_one_cm":1132285,"minecraft:open_chest":222,"minecraft:crouch_one_cm":2531,"minecraft:fall_one_cm":206282},"minecraft:killed_by":{"minecraft:player":3,"minecraft:creeper":1,"minecraft:spider":3,"minecraft:pillager":2,"minecraft:enderman":1,"hordes:zombie_player":6,"hordes:drowned_player":1,"minecraft:skeleton":1,"minecraft:zombie":4}},"DataVersion":3465}