{"stats":{"minecraft:custom":{"minecraft:time_since_rest":3567,"minecraft:sprint_one_cm":9824,"minecraft:play_time":3567,"minecraft:damage_taken":216,"minecraft:walk_one_cm":10515,"minecraft:sneak_time":9,"minecraft:walk_under_water_one_cm":5468,"minecraft:jump":49,"minecraft:damage_dealt":214,"minecraft:leave_game":2,"minecraft:walk_on_water_one_cm":3396,"minecraft:time_since_death":3567,"minecraft:total_world_time":3567,"minecraft:swim_one_cm":1923,"minecraft:fall_one_cm":1580,"minecraft:fly_one_cm":10198},"minecraft:used":{"minecraft:acacia_planks":1},"minecraft:mined":{"minecraft:acacia_log":1,"minecraft:oak_log":1,"minecraft:lilac":1,"minecraft:acacia_planks":1,"minecraft:bee_nest":1},"minecraft:picked_up":{"minecraft:acacia_planks":1,"minecraft:acacia_log":1,"minecraft:oak_log":1},"minecraft:crafted":{"minecraft:acacia_planks":4}},"DataVersion":3465}