{"stats":{"minecraft:dropped":{"minecraft:bread":29,"minecraft:wheat_seeds":2,"minecraft:apple":3,"minecraft:golden_apple":1,"max_armory:stone_long_sword":1,"minecraft:birch_log":1,"projectvibrantjourneys:bark_mushroom":1,"minecraft:bone":8,"minecraft:stone_sword":1,"minecraft:rotten_flesh":2,"minecraft:white_bed":1,"minecraft:yellow_bed":1,"k_turrets:raw_titanium":4,"minecraft:wooden_pickaxe":1},"minecraft:used":{"minecraft:stone_sword":114,"minecraft:chest":2,"minecraft:shield":13,"minecraft:stone_hoe":2,"minecraft:iron_chestplate":1,"minecraft:torch":6,"minecraft:dirt":22,"minecraft:iron_hoe":11,"projectvibrantjourneys:fallen_leaves":2,"minecraft:quartz_block":7,"minecraft:stone_bricks":1,"pointblank:workstation":2,"minecraft:goat_horn":4,"minecraft:cooked_mutton":2,"minecraft:water_bucket":1,"max_armory:stone_long_sword":3,"minecraft:stone_pickaxe":190,"minecraft:oak_planks":1,"minecraft:wooden_pickaxe":7,"minecraft:golden_apple":1,"minecraft:crafting_table":3,"minecraft:white_bed":6,"minecraft:shears":48,"minecraft:dark_oak_door":1,"minecraft:oak_log":2,"minecraft:bread":24,"minecraft:string":1,"minecraft:iron_pickaxe":4,"minecraft:suspicious_stew":2,"minecraft:stone_axe":62,"minecraft:wooden_sword":16,"minecraft:cobblestone":61,"minecraft:bucket":1,"minecraft:yellow_bed":6},"minecraft:killed_by":{"minecraft:player":2,"spore:busser":1,"minecraft:pillager":1,"spore:inf_human":2,"spore:inf_player":6,"minecraft:zombie":1},"minecraft:broken":{"minecraft:stone_pickaxe":1},"minecraft:crafted":{"spore:claw":2,"minecraft:oak_planks":80,"marbledsarsenal:oak_ghillie_helmet":1,"max_armory:stone_long_sword":1,"spore:fleshy_bone":1,"marbledsarsenal:oak_ghillie_boots":1,"minecraft:stone_pickaxe":2,"minecraft:chest":2,"minecraft:stone_hoe":1,"marbledsarsenal:oak_ghillie_chestplate":1,"minecraft:wheat":198,"max_armory:handle":1,"minecraft:crafting_table":2,"farmersdelight:iron_knife":1,"minecraft:wooden_pickaxe":1,"minecraft:birch_planks":28,"minecraft:stone_axe":1,"minecraft:air":0,"minecraft:bread":54,"minecraft:stick":32,"minecraft:iron_pickaxe":1,"minecraft:iron_ingot":5,"minecraft:stone_sword":1,"minecraft:armor_stand":1,"marbledsarsenal:oak_ghillie_leggings":1,"minecraft:shears":1},"minecraft:picked_up":{"minecraft:iron_chestplate":2,"minecraft:crafting_table":3,"spore:mutated_heart":2,"minecraft:wheat":76,"minecraft:shield":2,"minecraft:string":7,"spore:innards":2,"minecraft:raw_copper":4,"create:limestone":1,"minecraft:wooden_sword":1,"minecraft:deepslate_tiles":1,"minecraft:cobbled_deepslate":32,"minecraft:bucket":2,"minecraft:beef":8,"minecraft:cobblestone_slab":1,"minecraft:chest":1,"minecraft:birch_sapling":4,"pointblank:workstation":2,"minecraft:dark_oak_door":1,"minecraft:raw_iron":5,"minecraft:stick":7,"spore:tumor":12,"spore:wing_membrane":4,"minecraft:oak_fence":1,"projectvibrantjourneys:bark_mushroom":2,"minecraft:torch":16,"minecraft:bowl":4,"minecraft:porkchop":3,"pointblank:gunmetal_nugget":67,"psg:sulphur":12,"minecraft:quartz_block":11,"minecraft:stone_sword":4,"minecraft:arrow":21,"minecraft:rotten_flesh":9,"k_turrets:raw_titanium":8,"minecraft:hay_block":44,"farmersdelight:rope":5,"spore:tendons":12,"minecraft:cobblestone":281,"minecraft:rail":1,"max_armory:stone_long_sword":1,"minecraft:birch_log":8,"minecraft:salmon":6,"projectvibrantjourneys:fallen_leaves":3,"minecraft:leather":4,"create:raw_zinc":3,"minecraft:oak_log":22,"minecraft:yellow_bed":9,"minecraft:gunpowder":5,"minecraft:dirt":70,"minecraft:cooked_mutton":2,"minecraft:leather_boots":2,"minecraft:bone":20,"minecraft:stone_bricks":1,"minecraft:bow":3,"minecraft:wheat_seeds":15,"minecraft:stone_pickaxe":6,"minecraft:iron_ingot":3,"spore:mutated_fiber":63,"minecraft:oak_planks":129,"spore:cerebrum":2,"psg:raw_potassium":5,"spore:armor_fragment":8,"minecraft:gravel":2,"minecraft:white_bed":7,"minecraft:spruce_log":19,"minecraft:spider_eye":6,"spore:fleshy_bone":2,"minecraft:iron_hoe":2,"spore:claw_fragment":24,"minecraft:stone_axe":4,"minecraft:iron_helmet":2,"minecraft:grass":4,"minecraft:golden_apple":1,"minecraft:bread":55,"minecraft:oak_leaves":41,"minecraft:coal":5},"minecraft:killed":{"hordes:zombie_player":2,"minecraft:spider":2,"minecraft:skeleton":6,"minecraft:pig":2,"spore:inf_player":1,"minecraft:salmon":8,"spore:inf_human":1,"minecraft:zombie":1,"minecraft:cow":4},"minecraft:custom":{"minecraft:mob_kills":28,"minecraft:interact_with_crafting_table":29,"minecraft:open_barrel":1,"minecraft:damage_dealt_resisted":32,"minecraft:leave_game":6,"minecraft:time_since_death":14226,"minecraft:climb_one_cm":6330,"minecraft:sprint_one_cm":494032,"minecraft:walk_one_cm":393185,"minecraft:damage_blocked_by_shield":440,"minecraft:drop":56,"minecraft:play_time":132054,"minecraft:deaths":17,"minecraft:sneak_time":424,"minecraft:walk_under_water_one_cm":66042,"minecraft:jump":2722,"minecraft:walk_on_water_one_cm":44641,"minecraft:total_world_time":132054,"minecraft:interact_with_furnace":6,"minecraft:sleep_in_bed":10,"minecraft:time_since_rest":1135,"minecraft:damage_taken":5765,"minecraft:damage_absorbed":40,"minecraft:damage_dealt":4565,"minecraft:swim_one_cm":70031,"minecraft:fly_one_cm":518074,"minecraft:player_kills":1,"minecraft:open_chest":82,"minecraft:crouch_one_cm":710,"minecraft:fall_one_cm":86442},"minecraft:mined":{"minecraft:white_bed":7,"minecraft:farmland":1,"projectvibrantjourneys:rocks":1,"psg:sulphur_ore":2,"minecraft:grass_block":26,"minecraft:white_stained_glass":1,"minecraft:hay_block":23,"minecraft:furnace":1,"minecraft:deepslate_iron_ore":5,"minecraft:dirt_path":2,"projectvibrantjourneys:seashells":5,"minecraft:stone":70,"minecraft:glass_pane":2,"minecraft:quartz_block":7,"minecraft:oak_fence":1,"minecraft:torch":4,"projectvibrantjourneys:twigs":1,"minecraft:white_stained_glass_pane":3,"minecraft:tall_grass":21,"minecraft:copper_ore":2,"minecraft:cobblestone":34,"projectvibrantjourneys:fallen_leaves":2,"minecraft:wall_torch":3,"philipsruins:chiseled_bone_bricks":1,"minecraft:birch_log":7,"minecraft:birch_leaves":2,"minecraft:yellow_bed":6,"k_turrets:titanium_ore":4,"minecraft:grass":26,"minecraft:oak_log":22,"minecraft:coal_ore":5,"projectvibrantjourneys:short_grass":11,"projectvibrantjourneys:pinecones":2,"minecraft:dirt":27,"pointblank:workstation":2,"minecraft:cobweb":6,"minecraft:stone_bricks":1,"minecraft:oak_leaves":44,"minecraft:deepslate":12,"minecraft:fern":1}},"DataVersion":3465}