{"stats":{"minecraft:crafted":{"minecraft:oak_door":3,"minecraft:oak_planks":152,"minecraft:dark_oak_boat":2,"ecologics:walnut_planks":8,"minecraft:furnace":2,"marbledsarsenal:oak_ghillie_helmet":1,"max_armory:stone_long_sword":1,"minecraft:glass":32,"max_armory:rod":1,"marbledsarsenal:oak_ghillie_boots":1,"minecraft:stone_pickaxe":7,"minecraft:chest":3,"max_armory:iron_machete":1,"minecraft:dark_oak_planks":28,"minecraft:stone_hoe":1,"marbledsarsenal:oak_ghillie_chestplate":1,"minecraft:wheat":198,"minecraft:cooked_beef":2,"minecraft:cooked_porkchop":1,"max_armory:handle":10,"minecraft:crafting_table":7,"farmersdelight:iron_knife":1,"minecraft:wooden_pickaxe":4,"max_armory:copper_halberd":1,"tacz:gun_smith_table":1,"minecraft:copper_ingot":31,"minecraft:bucket":1,"minecraft:birch_planks":64,"minecraft:stone_axe":3,"minecraft:bread":59,"minecraft:air":0,"minecraft:iron_chestplate":1,"minecraft:charcoal":34,"minecraft:stick":76,"minecraft:iron_ingot":26,"minecraft:iron_pickaxe":4,"minecraft:wooden_axe":1,"minecraft:iron_block":1,"minecraft:stone_sword":2,"minecraft:armor_stand":1,"max_armory:copper_machete":5,"marbledsarsenal:oak_ghillie_leggings":1,"minecraft:torch":68,"minecraft:shears":1},"minecraft:used":{"minecraft:moss_block":2,"minecraft:stone_sword":238,"minecraft:ladder":2,"minecraft:chest":3,"tacz:gun_smith_table":3,"minecraft:shield":13,"minecraft:rotten_flesh":1,"minecraft:stone_hoe":2,"minecraft:iron_chestplate":3,"minecraft:oak_door":12,"minecraft:torch":53,"minecraft:dirt":115,"minecraft:carrot":15,"minecraft:axolotl_bucket":4,"minecraft:wooden_axe":10,"minecraft:iron_hoe":11,"projectvibrantjourneys:fallen_leaves":2,"minecraft:quartz_block":7,"minecraft:stone_bricks":2,"pointblank:workstation":2,"ecologics:walnut_planks":5,"minecraft:dark_oak_boat":4,"minecraft:goat_horn":4,"minecraft:furnace":3,"ecologics:coconut_seedling":2,"minecraft:cooked_beef":2,"minecraft:cobbled_deepslate":4,"minecraft:cooked_mutton":4,"minecraft:water_bucket":4,"max_armory:stone_long_sword":3,"minecraft:stone_pickaxe":611,"minecraft:oak_planks":8,"minecraft:ender_pearl":1,"minecraft:wooden_pickaxe":18,"minecraft:blue_bed":1,"minecraft:salmon":4,"minecraft:golden_apple":1,"minecraft:glow_berries":20,"minecraft:crafting_table":12,"minecraft:light_gray_terracotta":3,"minecraft:white_bed":7,"minecraft:dark_oak_door":1,"minecraft:shears":48,"minecraft:oak_log":2,"minecraft:apple":3,"minecraft:iron_pickaxe":208,"minecraft:bread":27,"minecraft:string":1,"minecraft:suspicious_stew":2,"minecraft:stone_axe":160,"max_armory:copper_machete":44,"ecologics:coconut_slice":8,"minecraft:wooden_sword":16,"minecraft:cobblestone":310,"minecraft:cooked_porkchop":3,"minecraft:andesite":23,"minecraft:bucket":8,"minecraft:yellow_bed":19},"minecraft:broken":{"minecraft:stone_pickaxe":4},"minecraft:killed":{"hordes:zombie_player":5,"minecraft:spider":12,"minecraft:phantom":1,"minecraft:skeleton":9,"minecraft:pig":2,"minecraft:salmon":12,"hordes:drowned_player":1,"minecraft:zombie":10,"minecraft:cow":5},"minecraft:mined":{"minecraft:dark_oak_planks":2,"minecraft:white_bed":7,"minecraft:farmland":1,"minecraft:oak_door":10,"minecraft:dark_oak_log":10,"projectvibrantjourneys:rocks":1,"psg:sulphur_ore":2,"minecraft:cave_vines_plant":6,"minecraft:glow_lichen":1,"minecraft:allium":1,"minecraft:grass_block":33,"ecologics:coconut_leaves":1,"minecraft:white_stained_glass":2,"ecologics:coconut_log":6,"minecraft:moss_block":2,"tacz:gun_smith_table":2,"minecraft:spawner":2,"minecraft:light_blue_stained_glass":1,"minecraft:hay_block":23,"minecraft:furnace":2,"minecraft:iron_ore":58,"minecraft:andesite":24,"projectvibrantjourneys:bark_mushroom":1,"minecraft:cave_vines":15,"minecraft:deepslate_iron_ore":5,"minecraft:dirt_path":3,"ecologics:walnut_log":2,"projectvibrantjourneys:seashells":6,"minecraft:stone":403,"projectvibrantjourneys:cattail":2,"minecraft:flowering_azalea":1,"minecraft:glass_pane":6,"projectvibrantjourneys:sea_oats":3,"minecraft:quartz_block":7,"minecraft:blue_stained_glass":4,"minecraft:oak_fence":1,"minecraft:light_gray_terracotta":10,"minecraft:crafting_table":4,"minecraft:torch":20,"projectvibrantjourneys:twigs":1,"minecraft:white_stained_glass_pane":3,"projectvibrantjourneys:mossy_rocks":1,"minecraft:copper_ore":7,"minecraft:tall_grass":35,"minecraft:cobblestone":61,"minecraft:oak_planks":1,"minecraft:lily_pad":1,"projectvibrantjourneys:fallen_leaves":2,"minecraft:blue_bed":1,"minecraft:wall_torch":14,"minecraft:big_dripleaf":1,"projectvibrantjourneys:light_brown_bark_mushroom":2,"philipsruins:chiseled_bone_bricks":1,"minecraft:birch_log":20,"minecraft:spruce_log":7,"minecraft:birch_leaves":3,"minecraft:yellow_bed":19,"minecraft:grass":60,"k_turrets:titanium_ore":4,"minecraft:coal_ore":33,"minecraft:oak_log":61,"ecologics:hanging_coconut":1,"projectvibrantjourneys:short_grass":22,"minecraft:gravel":18,"minecraft:dirt":94,"minecraft:sand":4,"projectvibrantjourneys:pinecones":2,"pointblank:workstation":2,"minecraft:cobweb":7,"ecologics:walnut_planks":1,"minecraft:stone_bricks":5,"ecologics:coconut_seedling":2,"minecraft:oak_leaves":50,"minecraft:deepslate":17,"minecraft:fern":1},"minecraft:dropped":{"minecraft:bread":33,"minecraft:wheat_seeds":3,"minecraft:crafting_table":1,"minecraft:cooked_porkchop":4,"ecologics:coconut_seedling":3,"minecraft:cobblestone":1,"minecraft:apple":3,"max_armory:copper_halberd":2,"minecraft:golden_apple":1,"minecraft:stick":7,"minecraft:dirt":112,"max_armory:stone_long_sword":1,"projectvibrantjourneys:fallen_leaves":1,"minecraft:cherry_planks":24,"minecraft:birch_log":1,"projectvibrantjourneys:bark_mushroom":1,"minecraft:bone":8,"minecraft:stone_axe":2,"minecraft:stone_sword":4,"minecraft:rotten_flesh":2,"minecraft:white_bed":1,"minecraft:carrot":5,"pointblank:gunmetal_nugget":34,"minecraft:allium":1,"minecraft:yellow_bed":3,"k_turrets:raw_titanium":4,"max_armory:iron_machete":2,"max_armory:copper_machete":2,"minecraft:bow":2,"minecraft:wooden_pickaxe":2,"minecraft:stone_pickaxe":2,"projectvibrantjourneys:cattail":2},"minecraft:picked_up":{"minecraft:charcoal":11,"minecraft:iron_chestplate":3,"minecraft:crafting_table":16,"minecraft:wheat":76,"minecraft:allium":1,"minecraft:ladder":2,"minecraft:prismarine_shard":3,"minecraft:lead":2,"minecraft:wooden_pickaxe":3,"minecraft:shield":2,"minecraft:string":80,"minecraft:moss_carpet":9,"minecraft:raw_copper":36,"create:limestone":1,"minecraft:wooden_sword":1,"minecraft:deepslate_tiles":1,"minecraft:cobbled_deepslate":36,"minecraft:bucket":3,"minecraft:beef":10,"minecraft:cobblestone_slab":1,"minecraft:azalea":1,"minecraft:iron_pickaxe":1,"minecraft:chest":1,"minecraft:birch_sapling":9,"pointblank:workstation":2,"minecraft:phantom_membrane":2,"minecraft:furnace":2,"minecraft:dark_oak_door":1,"minecraft:raw_iron":79,"minecraft:stick":40,"minecraft:oak_door":10,"ecologics:walnut_log":2,"ecologics:coconut_slice":10,"minecraft:oak_fence":1,"minecraft:big_dripleaf":3,"minecraft:copper_ingot":63,"projectvibrantjourneys:bark_mushroom":7,"minecraft:torch":80,"minecraft:bowl":4,"ecologics:coconut_seedling":8,"minecraft:porkchop":3,"pointblank:gunmetal_nugget":162,"psg:sulphur":12,"minecraft:carrot":21,"max_armory:copper_halberd":1,"minecraft:dark_oak_planks":2,"max_armory:handle":1,"minecraft:quartz_block":11,"minecraft:stone_sword":11,"minecraft:arrow":33,"minecraft:rotten_flesh":19,"minecraft:tropical_fish":2,"k_turrets:raw_titanium":8,"ecologics:coconut_log":12,"minecraft:hay_block":44,"farmersdelight:rope":5,"projectvibrantjourneys:cattail":2,"minecraft:glow_berries":13,"minecraft:rail":1,"minecraft:cobblestone":861,"max_armory:stone_long_sword":1,"minecraft:birch_log":21,"ecologics:walnut_planks":1,"minecraft:andesite":24,"minecraft:salmon":10,"projectvibrantjourneys:fallen_leaves":4,"minecraft:leather":4,"minecraft:dark_oak_boat":6,"minecraft:birch_planks":30,"minecraft:flint":16,"create:raw_zinc":3,"minecraft:oak_log":100,"minecraft:lily_pad":47,"minecraft:yellow_bed":28,"minecraft:gunpowder":5,"projectvibrantjourneys:sea_oats":1,"minecraft:blue_bed":1,"minecraft:dirt":373,"max_armory:iron_machete":1,"minecraft:cooked_mutton":10,"minecraft:leather_boots":2,"minecraft:glass":32,"minecraft:bone":28,"minecraft:apple":3,"minecraft:stone_bricks":13,"minecraft:bow":7,"minecraft:wheat_seeds":18,"minecraft:iron_ingot":23,"minecraft:stone_pickaxe":17,"tacz:gun_smith_table":7,"minecraft:moss_block":2,"minecraft:oak_planks":188,"minecraft:flowering_azalea":4,"projectvibrantjourneys:light_brown_bark_mushroom":5,"minecraft:cooked_porkchop":4,"psg:raw_potassium":7,"minecraft:gravel":43,"minecraft:sand":8,"ecologics:coconut_husk":6,"minecraft:white_bed":9,"minecraft:spruce_log":26,"minecraft:spider_eye":12,"minecraft:dark_oak_log":10,"max_armory:copper_machete":3,"minecraft:iron_hoe":2,"minecraft:light_gray_terracotta":22,"minecraft:stone_axe":11,"minecraft:iron_helmet":2,"minecraft:grass":4,"minecraft:golden_apple":1,"minecraft:emerald":3,"minecraft:bread":60,"minecraft:oak_sapling":8,"minecraft:coal":55,"minecraft:oak_leaves":41},"minecraft:custom":{"minecraft:mob_kills":63,"minecraft:interact_with_crafting_table":81,"minecraft:open_barrel":1,"minecraft:damage_dealt_resisted":345,"minecraft:leave_game":29,"minecraft:time_since_death":32068,"minecraft:climb_one_cm":16424,"minecraft:sprint_one_cm":1191084,"minecraft:damage_blocked_by_shield":440,"minecraft:walk_one_cm":866510,"minecraft:drop":274,"minecraft:play_time":398561,"minecraft:sneak_time":5261,"minecraft:deaths":77,"minecraft:walk_under_water_one_cm":162749,"minecraft:boat_one_cm":270838,"minecraft:jump":6048,"minecraft:walk_on_water_one_cm":102844,"minecraft:total_world_time":398561,"minecraft:interact_with_furnace":85,"minecraft:sleep_in_bed":25,"minecraft:time_since_rest":28464,"minecraft:damage_taken":33409,"minecraft:damage_absorbed":40,"minecraft:damage_dealt":13752,"minecraft:player_kills":4,"minecraft:swim_one_cm":288715,"minecraft:fly_one_cm":1280463,"minecraft:open_chest":264,"minecraft:crouch_one_cm":9953,"minecraft:fall_one_cm":304885},"minecraft:killed_by":{"minecraft:player":3,"minecraft:creeper":1,"minecraft:spider":4,"minecraft:pillager":2,"minecraft:enderman":1,"hordes:zombie_player":7,"hordes:drowned_player":1,"minecraft:skeleton":1,"minecraft:zombie":10}},"DataVersion":3465}