{"stats":{"minecraft:crafted":{"minecraft:oak_planks":172,"minecraft:dark_oak_boat":2,"ecologics:walnut_planks":8,"minecraft:glass":32,"ecologics:flowering_azalea_planks":4,"max_armory:rod":1,"minecraft:chest":6,"minecraft:birch_door":3,"max_armory:iron_machete":1,"minecraft:stone_hoe":1,"sophisticatedbackpacks:backpack":1,"minecraft:cooked_porkchop":4,"minecraft:crafting_table":9,"farmersdelight:iron_knife":1,"minecraft:wooden_pickaxe":4,"max_armory:copper_halberd":1,"minecraft:copper_ingot":68,"minecraft:birch_planks":92,"minecraft:iron_chestplate":2,"minecraft:diamond_pickaxe":1,"minecraft:charcoal":48,"minecraft:stick":104,"minecraft:iron_pickaxe":8,"minecraft:iron_ingot":153,"minecraft:iron_block":1,"minecraft:stone_sword":2,"max_armory:copper_machete":6,"marbledsarsenal:oak_ghillie_leggings":1,"minecraft:shears":2,"minecraft:cherry_planks":64,"minecraft:oak_door":9,"minecraft:furnace":4,"marbledsarsenal:oak_ghillie_helmet":1,"max_armory:stone_long_sword":1,"minecraft:iron_axe":2,"securitycraft:universal_block_remover":1,"marbledsarsenal:oak_ghillie_boots":1,"minecraft:stone_pickaxe":7,"minecraft:dark_oak_planks":28,"marbledsarsenal:oak_ghillie_chestplate":1,"minecraft:wheat":198,"minecraft:cooked_beef":2,"max_armory:handle":11,"minecraft:iron_sword":1,"tacz:gun_smith_table":1,"minecraft:bucket":1,"minecraft:stone_axe":3,"minecraft:air":0,"minecraft:bread":59,"minecraft:wooden_axe":1,"minecraft:cherry_door":3,"minecraft:iron_leggings":1,"minecraft:armor_stand":1,"minecraft:torch":128},"minecraft:used":{"minecraft:moss_block":4,"minecraft:cherry_sapling":1,"minecraft:moss_carpet":1,"minecraft:ladder":2,"minecraft:chest":5,"minecraft:shield":13,"minecraft:iron_sword":7,"minecraft:rotten_flesh":5,"minecraft:iron_chestplate":5,"minecraft:carrot":15,"minecraft:axolotl_bucket":4,"minecraft:quartz_block":7,"minecraft:stone_bricks":2,"pointblank:workstation":2,"ecologics:walnut_planks":5,"minecraft:bow":3,"minecraft:dark_oak_boat":4,"minecraft:furnace":5,"max_armory:stone_long_sword":3,"minecraft:stone_pickaxe":611,"minecraft:oak_planks":8,"minecraft:ender_pearl":1,"minecraft:wooden_pickaxe":18,"minecraft:blue_bed":1,"minecraft:golden_apple":1,"minecraft:glow_berries":91,"minecraft:light_gray_terracotta":3,"minecraft:shears":48,"minecraft:bread":31,"minecraft:string":1,"ecologics:coconut_slice":8,"minecraft:wooden_sword":16,"minecraft:andesite":23,"minecraft:stone_sword":238,"tacz:gun_smith_table":3,"minecraft:stone_hoe":2,"minecraft:oak_door":34,"minecraft:torch":105,"minecraft:dirt":118,"minecraft:iron_hoe":11,"minecraft:dark_oak_planks":1,"minecraft:wooden_axe":10,"projectvibrantjourneys:fallen_leaves":2,"minecraft:iron_axe":8,"minecraft:goat_horn":4,"ecologics:coconut_seedling":2,"minecraft:cooked_beef":2,"minecraft:cobbled_deepslate":37,"minecraft:cherry_log":3,"minecraft:iron_leggings":2,"minecraft:cooked_mutton":4,"minecraft:water_bucket":4,"minecraft:cherry_planks":1,"minecraft:salmon":4,"minecraft:crafting_table":14,"minecraft:white_bed":12,"minecraft:dark_oak_door":1,"minecraft:oak_log":2,"minecraft:diamond_pickaxe":12,"minecraft:apple":3,"minecraft:cherry_door":11,"minecraft:iron_pickaxe":749,"minecraft:suspicious_stew":2,"minecraft:stone_axe":160,"max_armory:copper_machete":121,"minecraft:cobblestone":478,"minecraft:cooked_porkchop":6,"minecraft:bucket":8,"minecraft:yellow_bed":23},"minecraft:broken":{"minecraft:stone_pickaxe":4,"minecraft:iron_pickaxe":2},"minecraft:killed":{"minecraft:spider":12,"minecraft:skeleton":12,"minecraft:guardian":1,"minecraft:pig":3,"minecraft:salmon":12,"hordes:drowned_player":1,"minecraft:sheep":2,"minecraft:zombie":14,"minecraft:cow":5,"hordes:zombie_player":6,"minecraft:phantom":1,"minecraft:drowned":4},"minecraft:mined":{"minecraft:dark_oak_planks":2,"create:deepslate_zinc_ore":4,"minecraft:white_bed":10,"minecraft:farmland":1,"minecraft:cherry_log":20,"minecraft:cave_vines_plant":34,"minecraft:grass_block":34,"ecologics:coconut_leaves":1,"tacz:gun_smith_table":2,"minecraft:spawner":2,"minecraft:light_blue_stained_glass":1,"minecraft:magma_block":3,"minecraft:iron_ore":118,"minecraft:cobbled_deepslate":12,"projectvibrantjourneys:bark_mushroom":1,"minecraft:moss_carpet":1,"minecraft:deepslate_lapis_ore":4,"minecraft:cave_vines":47,"minecraft:dirt_path":3,"ecologics:walnut_log":2,"projectvibrantjourneys:cattail":2,"minecraft:deepslate_redstone_ore":7,"minecraft:quartz_block":7,"projectvibrantjourneys:sea_oats":3,"minecraft:blue_stained_glass":4,"minecraft:clay":3,"minecraft:torch":29,"minecraft:light_gray_terracotta":10,"projectvibrantjourneys:twigs":1,"minecraft:white_stained_glass_pane":3,"minecraft:cobblestone":82,"projectvibrantjourneys:fallen_leaves":2,"minecraft:oak_planks":1,"minecraft:wall_torch":19,"minecraft:deepslate_copper_ore":17,"projectvibrantjourneys:light_brown_bark_mushroom":2,"minecraft:birch_log":28,"minecraft:cherry_door":1,"minecraft:grass":64,"minecraft:oak_log":61,"projectvibrantjourneys:short_grass":22,"ecologics:flowering_azalea_log":1,"projectvibrantjourneys:pinecones":2,"minecraft:sand":4,"minecraft:dirt":94,"minecraft:oak_leaves":50,"minecraft:deepslate":77,"minecraft:tuff":8,"minecraft:deepslate_diamond_ore":1,"minecraft:oak_door":21,"minecraft:dark_oak_log":10,"projectvibrantjourneys:rocks":2,"psg:sulphur_ore":6,"minecraft:glow_lichen":3,"minecraft:allium":1,"minecraft:white_stained_glass":2,"ecologics:coconut_log":6,"minecraft:moss_block":9,"minecraft:hay_block":23,"minecraft:furnace":2,"minecraft:andesite":24,"minecraft:big_dripleaf_stem":1,"minecraft:deepslate_iron_ore":71,"minecraft:cobblestone_slab":2,"projectvibrantjourneys:seashells":6,"minecraft:stone":557,"minecraft:flowering_azalea":1,"minecraft:glass_pane":6,"minecraft:cherry_planks":1,"psg:deepslate_sulphur_ore":1,"minecraft:oak_fence":1,"minecraft:crafting_table":4,"projectvibrantjourneys:mossy_rocks":1,"minecraft:tall_grass":35,"minecraft:copper_ore":7,"minecraft:deepslate_gold_ore":11,"minecraft:lily_pad":1,"minecraft:blue_bed":1,"minecraft:big_dripleaf":2,"philipsruins:chiseled_bone_bricks":1,"minecraft:spruce_log":7,"minecraft:birch_leaves":5,"minecraft:yellow_bed":22,"k_turrets:titanium_ore":4,"minecraft:coal_ore":78,"ecologics:hanging_coconut":1,"minecraft:cherry_leaves":2,"minecraft:gravel":18,"pointblank:workstation":2,"minecraft:cobweb":7,"ecologics:walnut_planks":1,"minecraft:stone_bricks":5,"ecologics:coconut_seedling":2,"minecraft:fern":1},"minecraft:dropped":{"minecraft:moss_block":1,"minecraft:birch_planks":1,"minecraft:oak_log":21,"minecraft:crafting_table":1,"minecraft:cooked_porkchop":4,"max_armory:copper_halberd":2,"minecraft:dirt":133,"max_armory:stone_long_sword":1,"projectvibrantjourneys:fallen_leaves":1,"minecraft:iron_pickaxe":5,"minecraft:cherry_door":3,"minecraft:birch_log":1,"projectvibrantjourneys:bark_mushroom":1,"minecraft:bone":8,"minecraft:stone_axe":2,"minecraft:rotten_flesh":6,"minecraft:white_bed":1,"minecraft:carrot":5,"k_turrets:raw_titanium":4,"max_armory:iron_machete":2,"projectvibrantjourneys:cattail":2,"minecraft:bread":33,"minecraft:wheat_seeds":4,"ecologics:coconut_seedling":3,"minecraft:cobblestone":15,"minecraft:apple":3,"minecraft:coal":45,"minecraft:golden_apple":1,"minecraft:stick":15,"minecraft:torch":46,"minecraft:cherry_planks":34,"tacz:modern_kinetic_gun":4,"create:raw_zinc":7,"minecraft:moss_carpet":2,"minecraft:stone_sword":4,"minecraft:raw_iron":4,"minecraft:clay_ball":16,"sophisticatedbackpacks:backpack":1,"pointblank:gunmetal_nugget":34,"securitycraft:universal_block_remover":1,"minecraft:allium":1,"minecraft:iron_chestplate":1,"minecraft:yellow_bed":3,"max_armory:copper_machete":2,"tacz:ammo":86,"minecraft:bow":2,"minecraft:stone_pickaxe":2,"minecraft:wooden_pickaxe":2},"minecraft:picked_up":{"minecraft:iron_chestplate":5,"minecraft:wheat":76,"minecraft:prismarine_shard":3,"minecraft:lead":2,"minecraft:string":84,"create:limestone":1,"minecraft:raw_copper":91,"minecraft:iron_leggings":2,"minecraft:deepslate_tiles":1,"minecraft:cobbled_deepslate":104,"minecraft:bucket":4,"minecraft:cobblestone_slab":3,"minecraft:azalea":4,"minecraft:iron_pickaxe":11,"pointblank:workstation":2,"minecraft:dark_oak_door":1,"minecraft:furnace":2,"minecraft:stick":56,"ecologics:walnut_log":2,"minecraft:big_dripleaf":9,"minecraft:oak_fence":1,"minecraft:torch":158,"ecologics:coconut_seedling":8,"minecraft:porkchop":6,"psg:sulphur":33,"minecraft:cherry_log":19,"max_armory:handle":1,"minecraft:quartz_block":11,"minecraft:stone_sword":11,"minecraft:rotten_flesh":32,"minecraft:tropical_fish":2,"ecologics:coconut_log":12,"farmersdelight:rope":5,"projectvibrantjourneys:cattail":2,"minecraft:cobblestone":1153,"max_armory:stone_long_sword":1,"minecraft:birch_log":29,"ecologics:walnut_planks":1,"minecraft:magma_block":2,"minecraft:cherry_planks":31,"minecraft:andesite":24,"projectvibrantjourneys:fallen_leaves":4,"minecraft:dark_oak_boat":6,"minecraft:potato":1,"minecraft:flint":16,"minecraft:tuff":8,"create:raw_zinc":14,"minecraft:cherry_door":14,"minecraft:lapis_lazuli":20,"minecraft:dirt":401,"max_armory:iron_machete":1,"minecraft:leather_boots":2,"minecraft:bone":29,"minecraft:glass":32,"minecraft:bow":8,"minecraft:wheat_seeds":20,"minecraft:raw_gold":9,"tacz:gun_smith_table":7,"minecraft:moss_block":8,"minecraft:oak_planks":220,"minecraft:cooked_porkchop":4,"psg:raw_potassium":7,"minecraft:sand":8,"ecologics:coconut_husk":6,"minecraft:dark_oak_log":10,"max_armory:copper_machete":6,"minecraft:iron_hoe":2,"minecraft:light_gray_terracotta":22,"minecraft:diamond":1,"minecraft:grass":4,"minecraft:golden_apple":1,"minecraft:bread":60,"minecraft:emerald":3,"minecraft:oak_sapling":8,"minecraft:oak_leaves":41,"minecraft:charcoal":11,"minecraft:crafting_table":16,"minecraft:allium":1,"minecraft:ladder":2,"minecraft:clay_ball":44,"minecraft:wooden_pickaxe":3,"minecraft:shield":2,"minecraft:moss_carpet":17,"minecraft:wooden_sword":1,"tacz:ammo":278,"minecraft:beef":10,"minecraft:chest":1,"minecraft:birch_sapling":9,"minecraft:phantom_membrane":2,"minecraft:raw_iron":208,"minecraft:oak_door":31,"ecologics:coconut_slice":10,"minecraft:copper_ingot":66,"projectvibrantjourneys:bark_mushroom":7,"minecraft:bowl":4,"sophisticatedbackpacks:backpack":3,"pointblank:gunmetal_nugget":185,"minecraft:carrot":21,"minecraft:redstone":29,"max_armory:copper_halberd":1,"minecraft:dark_oak_planks":2,"minecraft:arrow":34,"k_turrets:raw_titanium":8,"minecraft:hay_block":44,"minecraft:glow_berries":53,"minecraft:mutton":2,"minecraft:white_wool":1,"minecraft:rail":1,"ecologics:flowering_azalea_log":1,"minecraft:salmon":10,"minecraft:leather":4,"minecraft:birch_planks":30,"overworld_netherite_ore:ancientdebrispiece":1,"minecraft:oak_log":100,"minecraft:lily_pad":47,"minecraft:yellow_bed":31,"minecraft:gunpowder":5,"projectvibrantjourneys:sea_oats":1,"minecraft:blue_bed":1,"minecraft:cooked_mutton":10,"minecraft:apple":3,"minecraft:stone_bricks":13,"minecraft:iron_ingot":26,"minecraft:stone_pickaxe":17,"minecraft:flowering_azalea":4,"projectvibrantjourneys:light_brown_bark_mushroom":5,"minecraft:gravel":43,"minecraft:white_bed":12,"minecraft:spruce_log":26,"minecraft:spider_eye":12,"minecraft:stone_axe":11,"tacz:modern_kinetic_gun":6,"minecraft:iron_helmet":2,"minecraft:cherry_sapling":8,"minecraft:coal":108},"minecraft:custom":{"minecraft:interact_with_crafting_table":118,"minecraft:open_barrel":1,"minecraft:leave_game":32,"minecraft:time_since_death":14607,"minecraft:sprint_one_cm":1415964,"minecraft:damage_blocked_by_shield":440,"minecraft:drop":576,"minecraft:play_time":595203,"minecraft:deaths":96,"minecraft:jump":7442,"minecraft:walk_on_water_one_cm":198619,"minecraft:interact_with_furnace":203,"minecraft:sleep_in_bed":34,"minecraft:damage_dealt":17666,"minecraft:player_kills":5,"minecraft:crouch_one_cm":15447,"minecraft:mob_kills":79,"minecraft:damage_dealt_resisted":843,"minecraft:climb_one_cm":16577,"minecraft:walk_one_cm":1104968,"minecraft:sneak_time":9714,"minecraft:walk_under_water_one_cm":334244,"minecraft:boat_one_cm":270838,"minecraft:total_world_time":595203,"minecraft:time_since_rest":14636,"minecraft:damage_taken":47698,"minecraft:damage_absorbed":40,"minecraft:swim_one_cm":525952,"minecraft:fly_one_cm":1550580,"minecraft:open_chest":525,"minecraft:fall_one_cm":431699},"minecraft:killed_by":{"minecraft:creeper":1,"minecraft:pillager":2,"minecraft:zombie_horse":1,"hordes:drowned_player":1,"minecraft:zombie":11,"minecraft:husk":1,"minecraft:player":4,"minecraft:spider":4,"minecraft:enderman":2,"hordes:zombie_player":8,"minecraft:skeleton":2}},"DataVersion":3465}