{"stats":{"minecraft:dropped":{"minecraft:cobblestone":1,"minecraft:stone_pickaxe":1},"minecraft:used":{"minecraft:calcite":29,"create:limestone":8,"minecraft:stone_sword":5,"minecraft:cobblestone_stairs":69,"minecraft:stone_pickaxe":320,"minecraft:oak_planks":4,"minecraft:ladder":1,"minecraft:cobblestone_slab":15,"minecraft:torch":1,"minecraft:dirt":6,"minecraft:cobblestone":64,"minecraft:white_bed":2},"minecraft:killed_by":{"minecraft:player":1,"spore:knight":1},"minecraft:broken":{"minecraft:stone_pickaxe":2},"minecraft:crafted":{"minecraft:oak_planks":4,"minecraft:cobblestone_slab":18,"minecraft:stick":4,"minecraft:stone_pickaxe":2,"minecraft:cobblestone_stairs":76},"minecraft:picked_up":{"minecraft:stick":7,"minecraft:ladder":1,"minecraft:torch":10,"minecraft:oak_log":1,"minecraft:diorite":1,"minecraft:white_bed":1,"minecraft:cobblestone_stairs":34,"minecraft:dirt":11,"create:limestone":40,"minecraft:string":3,"minecraft:raw_copper":8,"minecraft:wooden_sword":1,"minecraft:stone_pickaxe":3,"minecraft:calcite":45,"minecraft:bread":9,"minecraft:cobblestone":165},"minecraft:custom":{"minecraft:time_since_rest":1135,"minecraft:sprint_one_cm":29183,"minecraft:damage_taken":922,"minecraft:walk_one_cm":117934,"minecraft:drop":2,"minecraft:damage_dealt":16,"minecraft:interact_with_crafting_table":8,"minecraft:fly_one_cm":17869,"minecraft:open_chest":14,"minecraft:crouch_one_cm":304,"minecraft:play_time":29405,"minecraft:deaths":3,"minecraft:sneak_time":30,"minecraft:walk_under_water_one_cm":4412,"minecraft:jump":295,"minecraft:damage_dealt_resisted":1,"minecraft:time_since_death":19580,"minecraft:walk_on_water_one_cm":7278,"minecraft:sleep_in_bed":1,"minecraft:climb_one_cm":2160,"minecraft:total_world_time":29405,"minecraft:fall_one_cm":4943},"minecraft:mined":{"minecraft:white_bed":1,"minecraft:cobblestone_stairs":35,"projectvibrantjourneys:rocks":1,"minecraft:torch":1,"minecraft:ladder":1,"minecraft:grass":1,"minecraft:calcite":48,"minecraft:oak_log":2,"minecraft:cobblestone_slab":1,"minecraft:vine":2,"minecraft:dirt":13,"minecraft:cobweb":3,"minecraft:copper_ore":3,"minecraft:tall_grass":1,"minecraft:cobblestone":26,"minecraft:stone":150,"minecraft:diorite":1,"create:limestone":40,"minecraft:oak_leaves":1,"minecraft:wall_torch":5}},"DataVersion":3465}