{"stats":{"minecraft:custom":{"minecraft:mob_kills":1,"minecraft:interact_with_crafting_table":16,"minecraft:damage_dealt_resisted":1,"minecraft:leave_game":3,"minecraft:time_since_death":4563,"minecraft:sleep_in_bed":3,"minecraft:climb_one_cm":2798,"minecraft:time_since_rest":4595,"minecraft:sprint_one_cm":113681,"minecraft:damage_taken":7568,"minecraft:walk_one_cm":284898,"minecraft:drop":19,"minecraft:damage_dealt":276,"minecraft:swim_one_cm":6580,"minecraft:fly_one_cm":142308,"minecraft:open_chest":38,"minecraft:crouch_one_cm":7534,"minecraft:play_time":81473,"minecraft:deaths":27,"minecraft:sneak_time":4472,"minecraft:walk_under_water_one_cm":8481,"minecraft:jump":990,"minecraft:walk_on_water_one_cm":14295,"minecraft:total_world_time":81473,"minecraft:fall_one_cm":20898},"minecraft:used":{"minecraft:calcite":89,"create:limestone":22,"minecraft:stone_sword":17,"minecraft:cobblestone_stairs":135,"minecraft:oak_planks":4,"minecraft:stone_pickaxe":624,"minecraft:baked_potato":3,"minecraft:ladder":1,"minecraft:cobblestone_slab":31,"minecraft:torch":9,"minecraft:mossy_cobblestone":1,"minecraft:dirt":37,"minecraft:crafting_table":1,"minecraft:white_bed":2,"minecraft:gravel":1,"minecraft:cobblestone":103},"minecraft:picked_up":{"minecraft:azure_bluet":3,"minecraft:ladder":1,"minecraft:flint":6,"minecraft:oak_log":1,"minecraft:cobblestone_stairs":52,"minecraft:dirt":60,"minecraft:string":12,"minecraft:raw_copper":32,"create:limestone":260,"minecraft:wooden_sword":1,"minecraft:bone":5,"minecraft:wheat_seeds":10,"minecraft:cobbled_deepslate":50,"minecraft:stone_pickaxe":13,"minecraft:cobblestone_slab":9,"minecraft:calcite":105,"minecraft:oak_planks":2,"minecraft:stick":46,"minecraft:torch":52,"minecraft:dandelion":1,"minecraft:gravel":17,"minecraft:diorite":20,"minecraft:white_bed":1,"minecraft:mossy_cobblestone":3,"minecraft:stone_sword":2,"minecraft:arrow":2,"minecraft:iron_helmet":1,"minecraft:bread":9,"minecraft:baked_potato":3,"minecraft:cobblestone":820},"minecraft:crafted":{"minecraft:oak_planks":16,"minecraft:cobblestone_slab":30,"minecraft:crafting_table":1,"minecraft:cobblestone_stairs":144,"minecraft:stick":24,"minecraft:stone_pickaxe":8,"minecraft:stone_sword":1},"minecraft:killed_by":{"spore:inf_player":7,"spore:inf_husk":2,"minecraft:player":2,"spore:busser":1,"minecraft:skeleton":1,"spore:knight":1,"spore:inf_human":6,"spore:inquisitor":3,"spore:delusioner":2,"spore:brot":1},"minecraft:dropped":{"minecraft:gravel":4,"minecraft:raw_copper":8,"minecraft:cobbled_deepslate":13,"minecraft:cobblestone":66,"minecraft:stick":13,"minecraft:flint":1,"minecraft:cobblestone_slab":2,"minecraft:torch":1,"create:limestone":56,"minecraft:stone_pickaxe":5,"minecraft:calcite":6,"minecraft:string":3},"minecraft:mined":{"minecraft:white_bed":1,"minecraft:mossy_cobblestone":1,"minecraft:cobblestone_stairs":43,"projectvibrantjourneys:rocks":3,"minecraft:torch":2,"minecraft:ladder":1,"minecraft:grass_block":1,"minecraft:calcite":110,"minecraft:tall_grass":16,"minecraft:copper_ore":3,"minecraft:cobblestone":41,"minecraft:diorite":12,"minecraft:wall_torch":8,"minecraft:grass":36,"projectvibrantjourneys:short_grass":13,"minecraft:oak_log":2,"minecraft:cobblestone_slab":3,"minecraft:vine":2,"minecraft:gravel":8,"minecraft:dirt":28,"minecraft:cobweb":5,"minecraft:stone":262,"create:limestone":85,"minecraft:oak_leaves":1,"minecraft:deepslate":22},"minecraft:broken":{"minecraft:stone_pickaxe":5}},"DataVersion":3465}