{"stats":{"minecraft:dropped":{"minecraft:enchanted_book":1,"minecraft:bread":63,"minecraft:wheat_seeds":6,"minecraft:mossy_cobblestone":3,"minecraft:iron_helmet":1,"minecraft:cobblestone":35,"ecologics:walnut_sapling":1,"minecraft:golden_apple":1,"minecraft:stick":2,"minecraft:cobblestone_stairs":6,"minecraft:diamond_horse_armor":1,"minecraft:diorite":1,"minecraft:torch":33,"minecraft:iron_door":2,"minecraft:iron_leggings":1,"projectvibrantjourneys:bark_mushroom":2,"create:raw_zinc":5,"minecraft:spruce_sapling":1,"minecraft:stone_axe":2,"minecraft:cooked_chicken":5,"minecraft:coarse_dirt":1,"minecraft:stone_sword":3,"minecraft:birch_sapling":4,"minecraft:stone_shovel":1,"sophisticatedbackpacks:backpack":1,"minecraft:spruce_planks":32,"minecraft:leather_boots":1,"create:limestone":8,"k_turrets:raw_titanium":4,"minecraft:wooden_pickaxe":3,"minecraft:stone_pickaxe":3,"minecraft:calcite":9},"minecraft:used":{"create:limestone":2,"minecraft:stone_sword":179,"minecraft:stone_shovel":241,"minecraft:chest":27,"minecraft:shield":4,"minecraft:cooked_chicken":2,"minecraft:iron_chestplate":2,"minecraft:torch":136,"minecraft:dirt":211,"minecraft:iron_hoe":35,"minecraft:iron_helmet":2,"ecologics:walnut_planks":2,"minecraft:bow":2,"minecraft:hay_block":9,"minecraft:furnace":11,"minecraft:oak_sapling":10,"minecraft:potato":15,"minecraft:cooked_beef":2,"minecraft:iron_leggings":2,"minecraft:wheat_seeds":9,"minecraft:water_bucket":33,"minecraft:cobblestone_stairs":52,"minecraft:baked_potato":4,"minecraft:stone_pickaxe":517,"minecraft:oak_planks":4,"minecraft:wooden_pickaxe":7,"minecraft:crafting_table":12,"minecraft:white_bed":8,"minecraft:oak_log":1,"minecraft:bread":14,"minecraft:iron_pickaxe":992,"minecraft:gravel":11,"minecraft:stone_axe":212,"minecraft:wooden_sword":57,"minecraft:cobblestone":124,"minecraft:porkchop":2,"minecraft:bucket":34,"minecraft:yellow_bed":7,"minecraft:oak_boat":1,"minecraft:coarse_dirt":10,"minecraft:bone_meal":18},"minecraft:killed_by":{"minecraft:player":2,"spore:busser":2,"spore:inf_player":6,"mutantmonsters:mutant_skeleton":1},"minecraft:broken":{"minecraft:stone_sword":1,"minecraft:stone_pickaxe":2,"minecraft:leather_boots":1,"minecraft:wooden_sword":1,"minecraft:stone_axe":1,"minecraft:iron_pickaxe":4},"minecraft:crafted":{"minecraft:oak_planks":160,"minecraft:stone_shovel":2,"ecologics:walnut_planks":12,"minecraft:furnace":13,"minecraft:cobblestone_stairs":52,"minecraft:bone_meal":18,"minecraft:cooked_mutton":7,"minecraft:stone_pickaxe":4,"minecraft:chest":18,"minecraft:wheat":261,"minecraft:cooked_porkchop":18,"minecraft:crafting_table":7,"minecraft:spruce_planks":64,"minecraft:wooden_pickaxe":1,"minecraft:baked_potato":10,"minecraft:bucket":1,"minecraft:birch_planks":44,"minecraft:stone_axe":5,"minecraft:bread":87,"minecraft:air":0,"minecraft:oak_boat":1,"minecraft:iron_ingot":14,"minecraft:stick":76,"minecraft:iron_pickaxe":3,"minecraft:stone_sword":3,"minecraft:iron_shovel":1,"minecraft:torch":188},"minecraft:picked_up":{"minecraft:iron_chestplate":5,"minecraft:crafting_table":9,"minecraft:coarse_dirt":16,"minecraft:chicken":3,"minecraft:anvil":1,"minecraft:wooden_pickaxe":5,"minecraft:enchanted_book":1,"minecraft:diamond_horse_armor":2,"minecraft:shield":3,"minecraft:string":8,"minecraft:raw_copper":46,"create:limestone":25,"minecraft:wooden_sword":1,"minecraft:smooth_stone_slab":14,"minecraft:iron_leggings":4,"ecologics:walnut_sapling":1,"minecraft:cracked_stone_bricks":3,"minecraft:deepslate_tiles":2,"minecraft:bucket":2,"minecraft:spruce_planks":142,"minecraft:oak_boat":1,"minecraft:calcite":23,"minecraft:iron_pickaxe":3,"minecraft:chest":9,"minecraft:birch_sapling":6,"minecraft:dark_oak_door":2,"minecraft:furnace":3,"minecraft:raw_iron":32,"minecraft:stick":26,"spore:wing_membrane":4,"ecologics:walnut_log":3,"projectvibrantjourneys:bark_mushroom":3,"minecraft:torch":97,"minecraft:bowl":4,"sophisticatedbackpacks:backpack":1,"minecraft:porkchop":26,"pointblank:gunmetal_nugget":102,"psg:sulphur":46,"farmersdelight:tomato_seeds":6,"minecraft:diorite":3,"minecraft:carrot":16,"minecraft:redstone":53,"minecraft:iron_horse_armor":1,"minecraft:honey_bottle":2,"minecraft:stone_shovel":3,"minecraft:stone_sword":11,"minecraft:arrow":14,"minecraft:rotten_flesh":11,"minecraft:beetroot_seeds":2,"k_turrets:raw_titanium":9,"minecraft:hay_block":52,"farmersdelight:rope":146,"minecraft:saddle":1,"projectvibrantjourneys:cattail":2,"minecraft:spruce_hanging_sign":2,"minecraft:mutton":7,"minecraft:white_wool":5,"minecraft:rail":2,"minecraft:cobblestone":1658,"minecraft:birch_log":11,"minecraft:enchanting_table":1,"ecologics:walnut_planks":2,"minecraft:feather":4,"minecraft:cooked_beef":4,"minecraft:iron_door":4,"minecraft:water_bucket":2,"minecraft:leather":22,"minecraft:potato":20,"minecraft:birch_planks":19,"minecraft:flint":3,"create:raw_zinc":49,"minecraft:oak_log":52,"minecraft:yellow_bed":9,"minecraft:cobblestone_wall":2,"minecraft:gunpowder":35,"minecraft:cobblestone_stairs":24,"minecraft:dirt":463,"minecraft:cooked_mutton":4,"minecraft:leather_boots":2,"minecraft:bone":10,"minecraft:apple":1,"minecraft:bow":1,"minecraft:wheat_seeds":68,"minecraft:raw_gold":1,"minecraft:stone_pickaxe":9,"minecraft:iron_ingot":6,"minecraft:cooked_chicken":13,"spore:mutated_fiber":9,"minecraft:glass_bottle":1,"minecraft:oak_planks":113,"minecraft:book":2,"minecraft:cooked_porkchop":6,"psg:raw_potassium":5,"minecraft:gravel":79,"minecraft:spruce_sapling":1,"minecraft:white_bed":11,"minecraft:spruce_log":35,"minecraft:mossy_cobblestone":4,"minecraft:spider_eye":4,"minecraft:iron_hoe":2,"minecraft:stone_axe":5,"minecraft:iron_helmet":6,"minecraft:golden_apple":1,"minecraft:golden_horse_armor":1,"minecraft:bread":30,"minecraft:baked_potato":10,"minecraft:oak_sapling":15,"minecraft:coal":68,"minecraft:ender_pearl":1},"minecraft:killed":{"hordes:zombie_player":5,"minecraft:skeleton":2,"minecraft:chicken":3,"minecraft:pig":10,"spore:inf_player":4,"minecraft:iron_golem":1,"mutantmonsters:mutant_skeleton":1,"minecraft:creeper":1,"minecraft:sheep":7,"minecraft:pillager":1,"minecraft:zombie":4,"ecologics:squirrel":1,"spore:busser":1,"minecraft:enderman":1},"minecraft:custom":{"minecraft:mob_kills":42,"minecraft:interact_with_crafting_table":62,"minecraft:bell_ring":5,"minecraft:damage_dealt_resisted":1641,"minecraft:leave_game":3,"minecraft:time_since_death":41685,"minecraft:climb_one_cm":5098,"minecraft:sprint_one_cm":305308,"minecraft:walk_one_cm":653573,"minecraft:damage_blocked_by_shield":195,"minecraft:drop":75,"minecraft:play_time":165369,"minecraft:deaths":12,"minecraft:sneak_time":6056,"minecraft:walk_under_water_one_cm":1968,"minecraft:jump":2645,"minecraft:walk_on_water_one_cm":11091,"minecraft:total_world_time":165369,"minecraft:interact_with_furnace":79,"minecraft:sleep_in_bed":17,"minecraft:time_since_rest":1135,"minecraft:damage_taken":3580,"minecraft:damage_dealt":10027,"minecraft:player_kills":3,"minecraft:fly_one_cm":546387,"minecraft:swim_one_cm":8237,"minecraft:open_chest":279,"minecraft:crouch_one_cm":18560,"minecraft:fall_one_cm":55870},"minecraft:mined":{"create:zinc_ore":24,"minecraft:deepslate_tiles":1,"minecraft:white_bed":7,"minecraft:oak_sapling":1,"minecraft:blue_stained_glass_pane":3,"minecraft:mossy_cobblestone":1,"minecraft:cobblestone_stairs":6,"psg:sulphur_ore":5,"minecraft:grass_block":101,"minecraft:spruce_leaves":1,"minecraft:light_blue_stained_glass":3,"minecraft:hay_block":37,"minecraft:redstone_ore":4,"minecraft:carrots":8,"minecraft:furnace":3,"minecraft:iron_ore":29,"minecraft:anvil":1,"minecraft:enchanting_table":1,"minecraft:deepslate_iron_ore":5,"minecraft:potatoes":6,"minecraft:vine":1,"minecraft:dirt_path":6,"ecologics:walnut_log":3,"minecraft:stone":1257,"create:limestone":10,"projectvibrantjourneys:cattail":1,"minecraft:crafting_table":10,"minecraft:torch":8,"projectvibrantjourneys:twigs":2,"minecraft:calcite":7,"ecologics:walnut_leaves":1,"minecraft:chest":9,"minecraft:white_stained_glass_pane":2,"minecraft:copper_ore":7,"minecraft:cobblestone":42,"minecraft:tall_grass":37,"minecraft:oak_planks":4,"minecraft:diorite":1,"minecraft:iron_door":2,"minecraft:wall_torch":21,"minecraft:spruce_wall_hanging_sign":1,"minecraft:seagrass":1,"minecraft:coarse_dirt":16,"minecraft:birch_log":11,"minecraft:wheat":16,"projectvibrantjourneys:bones":1,"minecraft:spruce_log":20,"minecraft:yellow_bed":8,"minecraft:smooth_stone_slab":8,"minecraft:grass":63,"k_turrets:titanium_ore":1,"minecraft:oak_log":56,"minecraft:coal_ore":63,"projectvibrantjourneys:short_grass":15,"minecraft:beetroots":1,"minecraft:gravel":69,"minecraft:dirt":162,"minecraft:cracked_stone_bricks":1,"ecologics:walnut_planks":1,"minecraft:gold_ore":1,"minecraft:oak_leaves":14}},"DataVersion":3465}