{"stats":{"minecraft:crafted":{"minecraft:oak_planks":212,"minecraft:cobblestone_slab":2268,"minecraft:cherry_slab":6,"minecraft:birch_boat":1,"ecologics:walnut_planks":12,"minecraft:birch_slab":12,"minecraft:cobblestone_stairs":52,"minecraft:diamond_shovel":1,"minecraft:cooked_mutton":17,"minecraft:chest":19,"minecraft:birch_door":3,"minecraft:stone_hoe":3,"minecraft:cooked_porkchop":22,"minecraft:crafting_table":15,"minecraft:spruce_planks":64,"minecraft:wooden_pickaxe":2,"minecraft:baked_potato":54,"minecraft:birch_planks":92,"minecraft:charcoal":144,"minecraft:stick":176,"minecraft:iron_ingot":18,"minecraft:iron_pickaxe":3,"minecraft:stone_sword":10,"minecraft:composter":1,"minecraft:cherry_planks":204,"minecraft:stone_shovel":9,"minecraft:fishing_rod":1,"minecraft:furnace":20,"minecraft:bone_meal":42,"minecraft:iron_axe":1,"minecraft:stone_pickaxe":23,"minecraft:dark_oak_planks":20,"minecraft:wheat":261,"minecraft:cooked_beef":2,"pointblank:gunmetal_ingot":10,"minecraft:iron_sword":2,"minecraft:bucket":3,"minecraft:bone":1,"minecraft:stone_axe":14,"minecraft:bread":106,"minecraft:air":0,"minecraft:oak_boat":2,"minecraft:cherry_door":6,"minecraft:iron_shovel":1,"minecraft:white_bed":2,"minecraft:torch":652},"minecraft:used":{"minecraft:cherry_sapling":18,"minecraft:iron_shovel":278,"minecraft:chest":37,"minecraft:shield":15,"minecraft:iron_sword":34,"minecraft:rotten_flesh":6,"minecraft:iron_chestplate":2,"minecraft:carrot":42,"minecraft:allium":2,"minecraft:birch_sapling":9,"minecraft:iron_helmet":2,"ecologics:walnut_planks":2,"minecraft:bow":2,"minecraft:dark_oak_boat":1,"minecraft:hay_block":9,"minecraft:oak_sapling":12,"minecraft:furnace":25,"minecraft:potato":71,"minecraft:dark_oak_sapling":28,"minecraft:stone_pickaxe":2074,"minecraft:oak_planks":15,"minecraft:lily_pad":16,"minecraft:orange_tulip":19,"minecraft:wooden_pickaxe":10,"minecraft:composter":1,"minecraft:sugar_cane":8,"minecraft:white_wool":1,"minecraft:bread":33,"minecraft:gravel":20,"minecraft:wooden_sword":57,"minecraft:oak_boat":2,"minecraft:coarse_dirt":10,"minecraft:bone_meal":56,"create:limestone":2,"minecraft:enchanting_table":1,"minecraft:stone_sword":365,"minecraft:white_tulip":27,"minecraft:stone_shovel":944,"minecraft:cooked_chicken":2,"minecraft:stone_hoe":96,"minecraft:torch":600,"minecraft:dirt":996,"projectvibrantjourneys:bones":1,"minecraft:birch_door":1,"minecraft:iron_hoe":35,"minecraft:dark_oak_planks":54,"minecraft:red_tulip":5,"minecraft:iron_axe":194,"minecraft:cherry_slab":1,"minecraft:cooked_beef":7,"minecraft:cobbled_deepslate":17,"minecraft:cherry_log":5,"minecraft:iron_leggings":2,"minecraft:wheat_seeds":169,"minecraft:cooked_mutton":3,"minecraft:water_bucket":47,"minecraft:pink_tulip":7,"minecraft:cobblestone_stairs":52,"minecraft:birch_planks":2,"minecraft:baked_potato":37,"minecraft:birch_boat":2,"minecraft:cherry_planks":5,"minecraft:cobblestone_slab":3214,"minecraft:crafting_table":21,"minecraft:white_bed":12,"minecraft:oak_log":1,"minecraft:cornflower":24,"minecraft:diamond_shovel":76,"projectvibrantjourneys:twigs":1,"minecraft:iron_pickaxe":992,"minecraft:stone_axe":763,"max_armory:copper_machete":3,"minecraft:fishing_rod":5,"minecraft:cobblestone":284,"minecraft:purple_bed":4,"minecraft:porkchop":5,"minecraft:cooked_porkchop":3,"minecraft:bucket":50,"minecraft:yellow_bed":9,"minecraft:dandelion":25},"minecraft:broken":{"minecraft:iron_shovel":1,"minecraft:stone_pickaxe":12,"minecraft:wooden_sword":1,"minecraft:stone_axe":3,"minecraft:stone_shovel":3,"minecraft:stone_sword":2,"minecraft:leather_boots":1,"minecraft:iron_pickaxe":4},"minecraft:killed":{"minecraft:spider":2,"minecraft:skeleton":6,"minecraft:chicken":4,"ecologics:coconut_crab":1,"minecraft:pig":13,"minecraft:zombie_villager":1,"minecraft:iron_golem":1,"mutantmonsters:mutant_skeleton":1,"minecraft:creeper":2,"hordes:drowned_player":1,"minecraft:sheep":15,"minecraft:trader_llama":2,"minecraft:pillager":1,"minecraft:zombie":24,"minecraft:cow":3,"hordes:zombie_player":21,"minecraft:drowned":1,"minecraft:husk":1,"minecraft:wandering_trader":1,"ecologics:squirrel":1,"minecraft:enderman":2},"minecraft:mined":{"minecraft:dark_oak_planks":52,"minecraft:white_bed":11,"minecraft:oak_sapling":1,"minecraft:farmland":7,"minecraft:cherry_log":228,"minecraft:cobblestone_stairs":6,"minecraft:jungle_leaves":13,"minecraft:grass_block":758,"tacz:gun_smith_table":1,"minecraft:light_blue_stained_glass":3,"minecraft:tall_seagrass":3,"minecraft:iron_ore":29,"minecraft:cobbled_deepslate":3,"minecraft:anvil":1,"minecraft:enchanting_table":1,"minecraft:red_tulip":3,"minecraft:dirt_path":19,"minecraft:pink_tulip":7,"ecologics:walnut_log":3,"create:limestone":10,"projectvibrantjourneys:cattail":1,"projectvibrantjourneys:sea_oats":1,"minecraft:torch":49,"projectvibrantjourneys:twigs":3,"minecraft:calcite":11,"minecraft:chest":19,"minecraft:white_stained_glass_pane":4,"minecraft:cobblestone":129,"projectvibrantjourneys:fallen_leaves":1,"minecraft:sugar_cane":15,"minecraft:oak_planks":6,"minecraft:iron_door":3,"minecraft:wall_torch":24,"minecraft:spruce_wall_hanging_sign":1,"minecraft:seagrass":1,"minecraft:birch_log":28,"minecraft:wheat":72,"projectvibrantjourneys:bones":1,"minecraft:orange_tulip":18,"minecraft:smooth_stone_slab":8,"minecraft:grass":114,"minecraft:oak_log":77,"projectvibrantjourneys:short_grass":28,"minecraft:beetroots":1,"minecraft:dark_oak_sapling":28,"minecraft:sand":127,"minecraft:dirt":336,"minecraft:oak_leaves":64,"create:zinc_ore":24,"minecraft:deepslate_tiles":1,"minecraft:blue_stained_glass_pane":3,"minecraft:mossy_cobblestone":1,"minecraft:dark_oak_leaves":128,"minecraft:cherry_sapling":3,"minecraft:dark_oak_log":82,"projectvibrantjourneys:rocks":1,"psg:sulphur_ore":5,"minecraft:dark_oak_fence":1,"minecraft:allium":1,"minecraft:spruce_leaves":1,"minecraft:hay_block":37,"minecraft:redstone_ore":4,"minecraft:furnace":6,"minecraft:carrots":8,"minecraft:potatoes":35,"minecraft:deepslate_iron_ore":5,"minecraft:cobblestone_slab":162,"minecraft:vine":5,"minecraft:stone":2490,"minecraft:white_tulip":22,"minecraft:podzol":1,"minecraft:cherry_planks":4,"minecraft:dandelion":21,"minecraft:crafting_table":11,"minecraft:cornflower":17,"ecologics:walnut_leaves":1,"minecraft:tall_grass":59,"minecraft:copper_ore":7,"minecraft:lapis_ore":1,"minecraft:diorite":1,"minecraft:purple_bed":5,"minecraft:coarse_dirt":24,"minecraft:spruce_log":20,"minecraft:birch_leaves":2,"minecraft:yellow_bed":11,"k_turrets:titanium_ore":1,"minecraft:coal_ore":74,"minecraft:cherry_leaves":72,"minecraft:gravel":126,"minecraft:cracked_stone_bricks":1,"ecologics:walnut_planks":1,"minecraft:gold_ore":1,"minecraft:fern":1},"minecraft:dropped":{"minecraft:baked_potato":3,"minecraft:crafting_table":2,"minecraft:dark_oak_sapling":57,"ecologics:walnut_sapling":1,"minecraft:cobblestone_stairs":6,"minecraft:dirt":415,"minecraft:cornflower":4,"minecraft:sand":127,"projectvibrantjourneys:bark_mushroom":2,"minecraft:bone":2,"minecraft:dark_oak_door":2,"minecraft:stone_axe":3,"minecraft:cooked_chicken":5,"minecraft:birch_sapling":4,"minecraft:cherry_sapling":20,"minecraft:rotten_flesh":1,"minecraft:cooked_mutton":5,"minecraft:white_bed":1,"minecraft:carrot":10,"projectvibrantjourneys:light_brown_bark_mushroom":1,"minecraft:leather_boots":1,"create:limestone":8,"k_turrets:raw_titanium":8,"minecraft:bread":71,"minecraft:enchanted_book":1,"minecraft:wheat_seeds":8,"minecraft:mossy_cobblestone":4,"minecraft:poisonous_potato":1,"minecraft:iron_helmet":1,"minecraft:cobblestone":35,"ecologics:crab_claw":1,"minecraft:copper_ingot":7,"minecraft:golden_apple":1,"minecraft:stick":2,"minecraft:diamond_horse_armor":1,"minecraft:diorite":1,"minecraft:torch":129,"minecraft:iron_door":2,"minecraft:iron_leggings":1,"minecraft:string":17,"minecraft:lily_pad":6,"create:raw_zinc":5,"minecraft:spruce_sapling":1,"minecraft:dandelion":1,"minecraft:coarse_dirt":9,"minecraft:stone_sword":4,"minecraft:light_gray_terracotta":9,"minecraft:stone_shovel":2,"sophisticatedbackpacks:backpack":3,"pointblank:gunmetal_nugget":1,"minecraft:spruce_planks":32,"minecraft:yellow_bed":2,"minecraft:oak_sapling":1,"max_armory:copper_machete":1,"minecraft:spider_eye":1,"minecraft:stone_pickaxe":5,"minecraft:wooden_pickaxe":5,"minecraft:red_tulip":1,"minecraft:calcite":9},"minecraft:picked_up":{"minecraft:iron_chestplate":5,"minecraft:wheat":50,"minecraft:anvil":1,"minecraft:lead":4,"minecraft:oak_stairs":71,"minecraft:enchanted_book":1,"minecraft:string":12,"minecraft:raw_copper":52,"create:limestone":25,"minecraft:smooth_stone_slab":14,"minecraft:iron_leggings":4,"minecraft:deepslate_tiles":2,"minecraft:cobbled_deepslate":15,"minecraft:bucket":2,"minecraft:spruce_planks":142,"minecraft:white_tulip":27,"minecraft:cobblestone_slab":1139,"minecraft:calcite":27,"minecraft:iron_pickaxe":3,"minecraft:dark_oak_door":5,"minecraft:furnace":6,"ecologics:crab_claw":1,"minecraft:stick":235,"ecologics:walnut_log":3,"minecraft:big_dripleaf":3,"minecraft:torch":213,"minecraft:porkchop":33,"psg:sulphur":228,"minecraft:cherry_log":225,"minecraft:diorite":3,"minecraft:stone_sword":20,"minecraft:honey_bottle":2,"minecraft:rotten_flesh":30,"minecraft:tropical_fish":2,"minecraft:red_tulip":7,"farmersdelight:rope":146,"projectvibrantjourneys:cattail":2,"minecraft:spruce_hanging_sign":2,"minecraft:cobblestone":3228,"ecologics:walnut_planks":2,"minecraft:birch_log":28,"minecraft:enchanting_table":1,"minecraft:feather":4,"minecraft:cooked_beef":9,"minecraft:cherry_planks":28,"minecraft:iron_door":5,"minecraft:water_bucket":2,"projectvibrantjourneys:fallen_leaves":3,"minecraft:dark_oak_boat":1,"minecraft:potato":131,"minecraft:flint":8,"create:raw_zinc":111,"minecraft:lapis_lazuli":8,"minecraft:dirt":1698,"minecraft:leather_boots":2,"minecraft:glass":32,"minecraft:bone":26,"minecraft:bow":4,"minecraft:wheat_seeds":226,"minecraft:orange_tulip":19,"minecraft:raw_gold":1,"tacz:gun_smith_table":1,"minecraft:oak_planks":172,"minecraft:cooked_porkchop":14,"minecraft:music_disc_13":1,"psg:raw_potassium":6,"minecraft:poisonous_potato":1,"minecraft:sand":130,"ecologics:coconut_husk":8,"minecraft:mossy_cobblestone":5,"minecraft:dark_oak_log":80,"max_armory:copper_machete":2,"minecraft:iron_hoe":2,"minecraft:light_gray_terracotta":9,"minecraft:diamond":20,"minecraft:bone_meal":14,"minecraft:golden_apple":1,"minecraft:emerald":3,"minecraft:golden_horse_armor":1,"minecraft:bread":34,"minecraft:oak_sapling":18,"minecraft:dark_oak_fence":1,"minecraft:coarse_dirt":24,"minecraft:charcoal":4,"minecraft:crafting_table":14,"minecraft:allium":2,"minecraft:chicken":3,"minecraft:wooden_pickaxe":6,"minecraft:diamond_horse_armor":3,"minecraft:shield":3,"minecraft:cornflower":32,"minecraft:iron_axe":1,"minecraft:wooden_sword":1,"tacz:ammo":26,"ecologics:walnut_sapling":1,"minecraft:cracked_stone_bricks":3,"minecraft:beef":5,"minecraft:oak_boat":1,"minecraft:sugar_cane":26,"minecraft:chest":20,"minecraft:birch_sapling":17,"minecraft:dark_oak_sapling":183,"minecraft:raw_iron":32,"projectvibrantjourneys:bark_mushroom":5,"minecraft:copper_ingot":20,"minecraft:bowl":4,"sophisticatedbackpacks:backpack":3,"pointblank:gunmetal_nugget":302,"farmersdelight:tomato_seeds":6,"minecraft:carrot":43,"minecraft:redstone":99,"minecraft:iron_horse_armor":1,"minecraft:dark_oak_planks":52,"minecraft:stone_shovel":5,"minecraft:arrow":19,"minecraft:beetroot_seeds":2,"k_turrets:raw_titanium":13,"minecraft:hay_block":52,"minecraft:pink_tulip":7,"minecraft:saddle":1,"minecraft:gold_ingot":4,"minecraft:mutton":17,"minecraft:rail":2,"minecraft:white_wool":20,"minecraft:leather":40,"minecraft:birch_planks":19,"minecraft:oak_log":75,"minecraft:lily_pad":15,"minecraft:yellow_bed":13,"minecraft:cobblestone_wall":2,"minecraft:gunpowder":73,"minecraft:cobblestone_stairs":24,"minecraft:cooked_mutton":9,"minecraft:apple":13,"minecraft:stone_bricks":5,"minecraft:iron_ingot":26,"minecraft:stone_pickaxe":20,"minecraft:cooked_chicken":13,"minecraft:glass_bottle":1,"minecraft:iron_sword":1,"minecraft:flowering_azalea":1,"minecraft:book":2,"minecraft:birch_boat":1,"minecraft:dandelion":26,"minecraft:gravel":144,"projectvibrantjourneys:bones":2,"minecraft:spruce_sapling":1,"minecraft:white_bed":15,"minecraft:spruce_log":35,"minecraft:spider_eye":11,"minecraft:purple_bed":5,"minecraft:stone_axe":12,"tacz:modern_kinetic_gun":2,"minecraft:iron_helmet":6,"minecraft:cherry_sapling":160,"minecraft:baked_potato":13,"projectvibrantjourneys:twigs":1,"minecraft:coal":92,"minecraft:ender_pearl":1},"minecraft:custom":{"minecraft:interact_with_crafting_table":161,"minecraft:open_barrel":1,"minecraft:bell_ring":5,"minecraft:leave_game":11,"minecraft:time_since_death":30409,"minecraft:sprint_one_cm":1260459,"minecraft:damage_blocked_by_shield":375,"minecraft:drop":146,"minecraft:play_time":616861,"minecraft:deaths":48,"minecraft:jump":9312,"minecraft:walk_on_water_one_cm":111736,"minecraft:enchant_item":6,"minecraft:interact_with_furnace":351,"minecraft:sleep_in_bed":56,"minecraft:damage_dealt":28221,"minecraft:player_kills":7,"minecraft:crouch_one_cm":149043,"minecraft:mob_kills":117,"minecraft:interact_with_campfire":3,"minecraft:damage_dealt_resisted":3306,"minecraft:climb_one_cm":7496,"minecraft:walk_one_cm":2281269,"minecraft:sneak_time":44906,"minecraft:walk_under_water_one_cm":148865,"minecraft:boat_one_cm":327855,"minecraft:total_world_time":616861,"minecraft:time_since_rest":1100,"minecraft:damage_taken":26526,"minecraft:swim_one_cm":70788,"minecraft:fly_one_cm":2008176,"minecraft:open_chest":941,"minecraft:fall_one_cm":313483},"minecraft:killed_by":{"minecraft:creeper":1,"minecraft:drowned":2,"hordes:drowned_player":2,"minecraft:zombie":7,"minecraft:player":3,"hordes:zombie_player":3,"mutantmonsters:mutant_skeleton":1}},"DataVersion":3465}