{"stats":{"minecraft:broken":{"minecraft:iron_shovel":1,"minecraft:stone_pickaxe":15,"max_armory:copper_machete":2,"minecraft:wooden_sword":1,"minecraft:stone_axe":3,"minecraft:stone_shovel":4,"minecraft:stone_sword":2,"minecraft:stone_hoe":1,"minecraft:iron_axe":1,"minecraft:leather_boots":1,"minecraft:iron_pickaxe":7},"minecraft:mined":{"minecraft:dark_oak_planks":52,"minecraft:white_bed":16,"minecraft:oak_sapling":2,"minecraft:farmland":9,"minecraft:cherry_log":228,"minecraft:cobblestone_stairs":6,"minecraft:jungle_leaves":13,"ecologics:surface_moss":1,"minecraft:cave_vines_plant":7,"minecraft:brewing_stand":1,"minecraft:granite":5,"minecraft:cherry_trapdoor":2,"minecraft:grass_block":771,"minecraft:jungle_log":8,"tacz:gun_smith_table":1,"minecraft:spawner":2,"minecraft:light_blue_stained_glass":15,"minecraft:tall_seagrass":3,"minecraft:iron_ore":39,"minecraft:cobbled_deepslate":5,"minecraft:moss_carpet":1,"minecraft:pumpkin":2,"minecraft:deepslate_lapis_ore":7,"minecraft:anvil":1,"minecraft:enchanting_table":2,"create:asurine":1,"minecraft:red_tulip":3,"minecraft:cave_vines":13,"minecraft:dirt_path":19,"minecraft:pink_tulip":7,"ecologics:walnut_log":3,"minecraft:azalea":2,"create:limestone":10,"projectvibrantjourneys:cattail":2,"minecraft:deepslate_redstone_ore":22,"minecraft:brown_mushroom":1,"projectvibrantjourneys:sea_oats":1,"minecraft:kelp_plant":1,"minecraft:clay":75,"minecraft:torch":59,"minecraft:light_gray_terracotta":32,"projectvibrantjourneys:twigs":3,"minecraft:calcite":11,"minecraft:chest":19,"minecraft:white_stained_glass_pane":4,"minecraft:cobblestone":150,"minecraft:oak_planks":6,"minecraft:sugar_cane":22,"projectvibrantjourneys:fallen_leaves":1,"minecraft:iron_door":3,"minecraft:wall_torch":34,"minecraft:deepslate_copper_ore":4,"minecraft:birch_sapling":14,"minecraft:spruce_wall_hanging_sign":1,"minecraft:seagrass":1,"minecraft:powered_rail":9,"minecraft:birch_log":69,"minecraft:wheat":439,"projectvibrantjourneys:bones":1,"minecraft:orange_tulip":18,"minecraft:smooth_stone_slab":8,"minecraft:grass":123,"minecraft:oak_log":182,"projectvibrantjourneys:short_grass":28,"minecraft:beetroots":1,"minecraft:dark_oak_sapling":40,"minecraft:sand":138,"minecraft:dirt":444,"minecraft:deepslate":230,"minecraft:oak_leaves":82,"create:zinc_ore":37,"minecraft:deepslate_tiles":2,"minecraft:tuff":15,"minecraft:blue_stained_glass_pane":9,"minecraft:mossy_cobblestone":1,"minecraft:dark_oak_leaves":128,"minecraft:deepslate_diamond_ore":16,"minecraft:cherry_sapling":3,"minecraft:dark_oak_log":82,"projectvibrantjourneys:rocks":3,"psg:sulphur_ore":15,"minecraft:glow_lichen":1,"minecraft:dark_oak_fence":1,"minecraft:ladder":8,"minecraft:allium":1,"minecraft:redstone_wire":1,"minecraft:brown_mushroom_block":1,"ecologics:coconut_log":4,"minecraft:spruce_leaves":1,"minecraft:moss_block":10,"minecraft:sandstone":1,"minecraft:hay_block":37,"minecraft:redstone_ore":4,"minecraft:furnace":7,"minecraft:carrots":8,"minecraft:stripped_spruce_log":65,"minecraft:big_dripleaf_stem":1,"minecraft:potatoes":86,"minecraft:cobblestone_slab":199,"minecraft:deepslate_iron_ore":43,"minecraft:vine":8,"minecraft:rail":128,"minecraft:white_tulip":22,"minecraft:stone":2713,"minecraft:podzol":3,"minecraft:flowering_azalea":1,"minecraft:cherry_planks":24,"psg:potassium_ore":1,"minecraft:dandelion":21,"minecraft:crafting_table":12,"minecraft:cornflower":17,"ecologics:walnut_leaves":1,"minecraft:copper_ore":35,"minecraft:tall_grass":61,"minecraft:deepslate_gold_ore":16,"minecraft:lapis_ore":1,"minecraft:big_dripleaf":1,"minecraft:diorite":419,"minecraft:purple_bed":5,"minecraft:birch_planks":22,"minecraft:coarse_dirt":32,"minecraft:ice":9,"minecraft:spruce_log":20,"minecraft:birch_leaves":2,"minecraft:yellow_bed":11,"k_turrets:titanium_ore":3,"minecraft:coal_ore":90,"minecraft:cherry_leaves":72,"minecraft:gravel":197,"minecraft:cracked_stone_bricks":1,"ecologics:walnut_planks":1,"minecraft:gold_ore":2,"minecraft:fern":1},"minecraft:dropped":{"minecraft:iron_sword":3,"minecraft:baked_potato":3,"minecraft:crafting_table":2,"minecraft:dark_oak_sapling":57,"minecraft:cooked_porkchop":2,"ecologics:walnut_sapling":1,"minecraft:cracked_stone_bricks":1,"projectvibrantjourneys:orange_bark_mushroom":1,"minecraft:cobblestone_stairs":6,"minecraft:dirt":416,"minecraft:cornflower":4,"minecraft:cooked_cod":2,"minecraft:sand":127,"minecraft:iron_pickaxe":1,"projectvibrantjourneys:mossy_rocks":1,"projectvibrantjourneys:bark_mushroom":3,"minecraft:bone":2,"minecraft:dark_oak_door":2,"minecraft:cherry_boat":9,"minecraft:stone_axe":3,"minecraft:cooked_chicken":5,"minecraft:birch_sapling":4,"minecraft:cherry_sapling":20,"minecraft:rotten_flesh":2,"minecraft:cooked_mutton":5,"minecraft:white_bed":1,"minecraft:carrot":10,"projectvibrantjourneys:light_brown_bark_mushroom":2,"minecraft:gunpowder":9,"minecraft:leather_boots":1,"create:limestone":8,"k_turrets:raw_titanium":8,"farmersdelight:rope":1,"minecraft:bread":125,"minecraft:enchanted_book":1,"minecraft:wheat_seeds":8,"minecraft:mossy_cobblestone":4,"minecraft:poisonous_potato":1,"minecraft:iron_helmet":4,"minecraft:cobblestone":35,"ecologics:crab_claw":1,"minecraft:copper_ingot":7,"minecraft:golden_apple":1,"minecraft:stick":2,"minecraft:diamond_horse_armor":1,"minecraft:diorite":1,"minecraft:torch":169,"minecraft:cooked_salmon":2,"minecraft:iron_door":2,"minecraft:iron_leggings":2,"minecraft:string":17,"minecraft:lily_pad":12,"create:raw_zinc":5,"minecraft:spruce_sapling":1,"minecraft:dandelion":1,"minecraft:kelp":4,"minecraft:coarse_dirt":9,"minecraft:stone_sword":4,"minecraft:bowl":1,"minecraft:light_gray_terracotta":9,"minecraft:stone_shovel":2,"minecraft:clay_ball":192,"minecraft:iron_boots":2,"sophisticatedbackpacks:backpack":3,"pointblank:gunmetal_nugget":1,"minecraft:shield":2,"minecraft:spruce_planks":32,"minecraft:yellow_bed":2,"minecraft:oak_sapling":1,"max_armory:copper_machete":2,"minecraft:spider_eye":1,"minecraft:sandstone":1,"minecraft:bow":1,"minecraft:wooden_pickaxe":5,"minecraft:stone_pickaxe":9,"minecraft:red_tulip":1,"minecraft:calcite":9},"minecraft:killed_by":{"minecraft:zombified_piglin":1,"minecraft:creeper":1,"minecraft:zombie_horse":1,"minecraft:drowned":4,"hordes:drowned_player":5,"minecraft:zombie":15,"minecraft:player":10,"hordes:zombie_player":7,"mutantmonsters:mutant_skeleton":2,"minecraft:skeleton":4},"minecraft:custom":{"minecraft:interact_with_crafting_table":234,"minecraft:open_barrel":10,"minecraft:bell_ring":5,"minecraft:leave_game":26,"minecraft:time_since_death":45589,"minecraft:sprint_one_cm":2159056,"minecraft:damage_blocked_by_shield":1166,"minecraft:drop":212,"minecraft:play_time":1078864,"minecraft:deaths":96,"minecraft:jump":14817,"minecraft:walk_on_water_one_cm":240191,"minecraft:enchant_item":7,"minecraft:interact_with_furnace":505,"minecraft:play_record":1,"minecraft:sleep_in_bed":82,"minecraft:damage_dealt":62799,"minecraft:player_kills":15,"minecraft:crouch_one_cm":216280,"minecraft:mob_kills":195,"minecraft:interact_with_campfire":3,"minecraft:damage_dealt_resisted":6413,"minecraft:climb_one_cm":42041,"minecraft:walk_one_cm":3527221,"minecraft:sneak_time":82854,"minecraft:walk_under_water_one_cm":424484,"minecraft:boat_one_cm":995275,"minecraft:total_world_time":1078864,"minecraft:time_since_rest":45616,"minecraft:damage_taken":44876,"minecraft:damage_absorbed":20,"minecraft:swim_one_cm":286157,"minecraft:fly_one_cm":2953686,"minecraft:open_chest":1553,"minecraft:fall_one_cm":489664},"minecraft:crafted":{"minecraft:oak_planks":256,"minecraft:cobblestone_slab":3066,"minecraft:cherry_slab":6,"minecraft:birch_boat":10,"ecologics:walnut_planks":12,"minecraft:birch_slab":12,"minecraft:cherry_boat":16,"minecraft:cobblestone_stairs":52,"minecraft:diamond_shovel":1,"minecraft:cooked_mutton":17,"minecraft:glass":20,"minecraft:bow":1,"minecraft:iron_boots":1,"minecraft:chest":28,"minecraft:birch_door":3,"minecraft:stone_hoe":4,"minecraft:cooked_porkchop":22,"minecraft:crafting_table":21,"minecraft:spruce_planks":128,"minecraft:iron_helmet":1,"minecraft:wooden_pickaxe":2,"minecraft:baked_potato":55,"minecraft:birch_planks":236,"minecraft:iron_chestplate":1,"minecraft:charcoal":316,"minecraft:shield":1,"minecraft:stick":384,"minecraft:iron_ingot":102,"minecraft:iron_pickaxe":8,"minecraft:stone_sword":27,"max_armory:copper_machete":1,"minecraft:composter":1,"minecraft:cherry_planks":288,"minecraft:cobbled_deepslate_slab":18,"minecraft:stone_shovel":9,"minecraft:fishing_rod":1,"ecologics:coconut_planks":12,"minecraft:furnace":23,"minecraft:mushroom_stew":1,"minecraft:bone_meal":111,"minecraft:cherry_trapdoor":2,"minecraft:iron_axe":2,"minecraft:stone_pickaxe":27,"minecraft:dark_oak_planks":20,"ecologics:coconut_boat":1,"minecraft:wheat":261,"minecraft:cooked_beef":2,"pointblank:gunmetal_ingot":31,"minecraft:iron_sword":5,"minecraft:bucket":5,"minecraft:bone":2,"minecraft:stone_axe":14,"minecraft:bread":152,"minecraft:air":0,"minecraft:jungle_planks":32,"minecraft:oak_boat":2,"minecraft:cherry_door":6,"minecraft:iron_shovel":1,"minecraft:white_bed":2,"minecraft:torch":1428},"minecraft:killed":{"minecraft:witch":1,"minecraft:spider":3,"minecraft:skeleton":15,"minecraft:chicken":4,"ecologics:coconut_crab":1,"minecraft:pig":16,"minecraft:zombie_villager":1,"minecraft:iron_golem":1,"mutantmonsters:mutant_skeleton":1,"minecraft:creeper":2,"hordes:drowned_player":4,"minecraft:sheep":15,"minecraft:trader_llama":2,"minecraft:pillager":1,"minecraft:zombie":54,"minecraft:cow":3,"hordes:zombie_player":44,"minecraft:phantom":1,"minecraft:drowned":3,"minecraft:husk":1,"minecraft:wandering_trader":1,"ecologics:squirrel":1,"minecraft:enderman":3},"minecraft:picked_up":{"minecraft:iron_chestplate":10,"minecraft:wheat":368,"minecraft:anvil":1,"minecraft:lead":4,"minecraft:oak_stairs":71,"minecraft:enchanted_book":1,"minecraft:brewing_stand":2,"projectvibrantjourneys:mossy_rocks":1,"minecraft:string":35,"minecraft:raw_copper":169,"create:limestone":25,"minecraft:smooth_stone_slab":14,"minecraft:iron_leggings":9,"minecraft:cherry_boat":23,"minecraft:deepslate_tiles":15,"minecraft:cobbled_deepslate":253,"minecraft:bucket":5,"minecraft:spruce_planks":142,"minecraft:white_tulip":27,"minecraft:redstone_torch":23,"minecraft:cobblestone_slab":1529,"minecraft:calcite":27,"minecraft:azalea":4,"minecraft:iron_pickaxe":22,"minecraft:furnace":10,"farmersdelight:cabbage_seeds":1,"ecologics:crab_claw":1,"minecraft:iron_boots":6,"minecraft:dark_oak_door":5,"minecraft:stick":473,"ecologics:walnut_log":3,"minecraft:big_dripleaf":9,"minecraft:torch":1096,"minecraft:porkchop":40,"psg:sulphur":276,"minecraft:cherry_log":262,"minecraft:diorite":466,"minecraft:stone_sword":33,"minecraft:honey_bottle":2,"minecraft:rotten_flesh":126,"minecraft:tropical_fish":10,"ecologics:coconut_log":3,"minecraft:red_tulip":7,"create:asurine":2,"farmersdelight:rope":149,"projectvibrantjourneys:cattail":2,"minecraft:spruce_hanging_sign":2,"minecraft:cobblestone":3651,"minecraft:birch_log":116,"minecraft:enchanting_table":3,"ecologics:walnut_planks":2,"minecraft:feather":4,"minecraft:cooked_beef":9,"farmersdelight:rice":2,"minecraft:cherry_planks":147,"minecraft:iron_door":5,"minecraft:water_bucket":8,"minecraft:jungle_log":8,"projectvibrantjourneys:fallen_leaves":3,"minecraft:dark_oak_boat":1,"minecraft:potato":275,"minecraft:tuff":15,"minecraft:flint":16,"create:raw_zinc":124,"minecraft:lapis_lazuli":51,"minecraft:dirt":1972,"minecraft:leather_boots":2,"minecraft:glass":32,"minecraft:bone":52,"ecologics:music_disc_coconut":1,"minecraft:bow":10,"minecraft:wheat_seeds":1158,"minecraft:orange_tulip":19,"minecraft:raw_gold":18,"tacz:gun_smith_table":1,"minecraft:powered_rail":23,"minecraft:moss_block":7,"minecraft:stone_hoe":2,"minecraft:oak_planks":174,"minecraft:cooked_porkchop":16,"minecraft:music_disc_13":1,"psg:raw_potassium":8,"minecraft:poisonous_potato":1,"minecraft:sand":141,"ecologics:coconut_husk":10,"minecraft:stripped_spruce_log":64,"minecraft:dark_oak_log":80,"max_armory:copper_machete":19,"minecraft:mossy_cobblestone":5,"minecraft:iron_hoe":2,"minecraft:light_gray_terracotta":105,"minecraft:sugar":6,"minecraft:diamond":36,"minecraft:granite":1,"minecraft:bone_meal":25,"minecraft:golden_apple":1,"minecraft:emerald":3,"minecraft:golden_horse_armor":1,"minecraft:bread":332,"minecraft:oak_sapling":83,"minecraft:dark_oak_fence":1,"minecraft:coarse_dirt":70,"minecraft:charcoal":22,"minecraft:crafting_table":18,"minecraft:allium":2,"minecraft:chicken":3,"minecraft:ladder":11,"minecraft:clay_ball":300,"minecraft:wooden_pickaxe":6,"minecraft:diamond_horse_armor":3,"minecraft:shield":15,"minecraft:cornflower":32,"minecraft:moss_carpet":2,"minecraft:iron_axe":12,"minecraft:wooden_sword":1,"tacz:ammo":63,"ecologics:walnut_sapling":1,"minecraft:cracked_stone_bricks":6,"minecraft:beef":5,"minecraft:oak_boat":3,"minecraft:sugar_cane":35,"minecraft:chest":20,"minecraft:birch_sapling":45,"minecraft:cherry_trapdoor":10,"minecraft:dark_oak_sapling":195,"minecraft:raw_iron":96,"minecraft:sandstone":2,"projectvibrantjourneys:bark_mushroom":6,"minecraft:copper_ingot":20,"minecraft:bowl":4,"sophisticatedbackpacks:backpack":3,"pointblank:gunmetal_nugget":572,"farmersdelight:tomato_seeds":6,"minecraft:trident":1,"minecraft:carrot":43,"minecraft:redstone":201,"minecraft:iron_horse_armor":1,"minecraft:dark_oak_planks":52,"minecraft:arrow":36,"minecraft:stone_shovel":9,"minecraft:beetroot_seeds":2,"k_turrets:raw_titanium":13,"minecraft:hay_block":52,"minecraft:pink_tulip":7,"minecraft:saddle":1,"minecraft:gold_ingot":4,"minecraft:glow_berries":15,"minecraft:mutton":17,"minecraft:rail":310,"minecraft:white_wool":20,"minecraft:cracked_deepslate_tiles":2,"minecraft:leather":40,"minecraft:birch_planks":138,"minecraft:mushroom_stew":1,"minecraft:oak_log":179,"minecraft:lily_pad":23,"minecraft:cobblestone_wall":2,"minecraft:yellow_bed":13,"minecraft:gunpowder":107,"max_armory:copper_spear":5,"minecraft:cobblestone_stairs":24,"minecraft:cooked_mutton":9,"minecraft:apple":21,"minecraft:stone_bricks":5,"minecraft:kelp":9,"minecraft:iron_ingot":26,"minecraft:stone_pickaxe":44,"minecraft:cooked_chicken":13,"minecraft:glass_bottle":1,"minecraft:iron_sword":13,"minecraft:flowering_azalea":4,"minecraft:book":2,"projectvibrantjourneys:light_brown_bark_mushroom":1,"minecraft:birch_boat":25,"minecraft:pumpkin":2,"minecraft:dandelion":26,"minecraft:gravel":210,"projectvibrantjourneys:bones":5,"minecraft:spruce_sapling":1,"minecraft:white_bed":23,"minecraft:spruce_log":35,"minecraft:spider_eye":14,"minecraft:pumpkin_seeds":1,"minecraft:purple_bed":5,"minecraft:stone_axe":13,"tacz:modern_kinetic_gun":2,"minecraft:iron_helmet":15,"minecraft:cherry_sapling":160,"projectvibrantjourneys:orange_bark_mushroom":1,"minecraft:baked_potato":19,"projectvibrantjourneys:twigs":1,"minecraft:coal":121,"minecraft:ender_pearl":4},"minecraft:used":{"minecraft:moss_block":4,"minecraft:cherry_sapling":18,"minecraft:iron_shovel":278,"minecraft:ladder":5,"minecraft:chest":46,"minecraft:shield":46,"minecraft:iron_sword":271,"minecraft:rotten_flesh":6,"minecraft:iron_chestplate":3,"minecraft:carrot":44,"minecraft:allium":2,"minecraft:tuff":3,"minecraft:big_dripleaf":2,"minecraft:birch_sapling":23,"minecraft:iron_helmet":3,"ecologics:walnut_planks":2,"minecraft:bow":11,"minecraft:dark_oak_boat":2,"minecraft:hay_block":9,"minecraft:oak_sapling":50,"minecraft:furnace":28,"minecraft:cooked_cod":2,"minecraft:potato":286,"minecraft:dark_oak_sapling":78,"minecraft:diorite":203,"minecraft:stone_pickaxe":2536,"minecraft:oak_planks":15,"minecraft:lily_pad":25,"minecraft:orange_tulip":19,"minecraft:wooden_pickaxe":10,"minecraft:composter":1,"minecraft:sugar_cane":19,"minecraft:golden_apple":1,"ecologics:music_disc_coconut":1,"minecraft:white_wool":1,"minecraft:glow_berries":7,"minecraft:sand":11,"minecraft:mushroom_stew":1,"minecraft:light_gray_terracotta":14,"minecraft:bread":94,"create:asurine":1,"minecraft:gravel":49,"minecraft:wooden_sword":57,"minecraft:oak_boat":2,"minecraft:coarse_dirt":10,"minecraft:bone_meal":124,"minecraft:cherry_boat":19,"create:limestone":2,"minecraft:enchanting_table":1,"minecraft:stone_sword":680,"minecraft:white_tulip":27,"minecraft:stone_shovel":1075,"minecraft:redstone":5,"minecraft:cooked_chicken":2,"minecraft:stone_hoe":220,"minecraft:torch":1126,"minecraft:dirt":1210,"projectvibrantjourneys:bones":2,"minecraft:birch_door":1,"minecraft:iron_hoe":35,"minecraft:dark_oak_planks":54,"minecraft:red_tulip":5,"minecraft:iron_axe":534,"minecraft:cherry_slab":1,"minecraft:cherry_trapdoor":2,"minecraft:iron_boots":2,"ecologics:coconut_boat":1,"minecraft:cooked_beef":7,"minecraft:cherry_log":15,"minecraft:cobbled_deepslate":54,"minecraft:iron_leggings":4,"minecraft:wheat_seeds":466,"minecraft:cooked_mutton":3,"minecraft:water_bucket":76,"minecraft:pink_tulip":7,"minecraft:cobblestone_stairs":52,"minecraft:birch_planks":58,"minecraft:baked_potato":42,"minecraft:birch_boat":14,"minecraft:cherry_planks":29,"minecraft:cobblestone_slab":4005,"minecraft:crafting_table":28,"minecraft:white_bed":19,"minecraft:oak_log":1,"minecraft:diamond_pickaxe":59,"minecraft:cornflower":24,"minecraft:diamond_shovel":76,"projectvibrantjourneys:twigs":1,"minecraft:iron_pickaxe":1886,"minecraft:stone_axe":763,"max_armory:copper_machete":155,"minecraft:fishing_rod":5,"minecraft:purple_bed":4,"minecraft:cobblestone":370,"minecraft:porkchop":5,"minecraft:cooked_porkchop":6,"minecraft:bucket":80,"minecraft:yellow_bed":9,"minecraft:dandelion":25}},"DataVersion":3465}