{"stats":{"minecraft:crafted":{"minecraft:oak_planks":212,"minecraft:cobblestone_slab":2514,"minecraft:cherry_slab":6,"minecraft:birch_boat":1,"ecologics:walnut_planks":12,"minecraft:birch_slab":12,"minecraft:cherry_boat":1,"minecraft:cobblestone_stairs":52,"minecraft:diamond_shovel":1,"minecraft:cooked_mutton":17,"minecraft:chest":19,"minecraft:birch_door":3,"minecraft:stone_hoe":4,"minecraft:cooked_porkchop":22,"minecraft:crafting_table":16,"minecraft:spruce_planks":64,"minecraft:wooden_pickaxe":2,"minecraft:baked_potato":54,"minecraft:birch_planks":92,"minecraft:charcoal":144,"minecraft:stick":212,"minecraft:iron_ingot":27,"minecraft:iron_pickaxe":5,"minecraft:stone_sword":10,"minecraft:composter":1,"minecraft:cherry_planks":252,"minecraft:stone_shovel":9,"minecraft:fishing_rod":1,"minecraft:furnace":21,"minecraft:mushroom_stew":1,"minecraft:bone_meal":42,"minecraft:cherry_trapdoor":2,"minecraft:iron_axe":2,"minecraft:stone_pickaxe":26,"minecraft:dark_oak_planks":20,"minecraft:wheat":261,"minecraft:cooked_beef":2,"pointblank:gunmetal_ingot":10,"minecraft:iron_sword":3,"minecraft:bucket":4,"minecraft:bone":1,"minecraft:stone_axe":14,"minecraft:bread":106,"minecraft:air":0,"minecraft:oak_boat":2,"minecraft:cherry_door":6,"minecraft:iron_shovel":1,"minecraft:white_bed":2,"minecraft:torch":804},"minecraft:used":{"minecraft:moss_block":4,"minecraft:cherry_sapling":18,"minecraft:iron_shovel":278,"minecraft:chest":37,"minecraft:shield":15,"minecraft:iron_sword":90,"minecraft:rotten_flesh":6,"minecraft:iron_chestplate":2,"minecraft:carrot":44,"minecraft:allium":2,"minecraft:birch_sapling":23,"minecraft:iron_helmet":2,"ecologics:walnut_planks":2,"minecraft:bow":2,"minecraft:dark_oak_boat":2,"minecraft:hay_block":9,"minecraft:oak_sapling":30,"minecraft:furnace":26,"minecraft:cooked_cod":2,"minecraft:potato":73,"minecraft:dark_oak_sapling":78,"minecraft:diorite":129,"minecraft:stone_pickaxe":2504,"minecraft:oak_planks":15,"minecraft:lily_pad":25,"minecraft:orange_tulip":19,"minecraft:wooden_pickaxe":10,"minecraft:composter":1,"minecraft:sugar_cane":17,"ecologics:music_disc_coconut":1,"minecraft:white_wool":1,"minecraft:glow_berries":4,"minecraft:sand":11,"minecraft:mushroom_stew":1,"minecraft:bread":50,"minecraft:gravel":45,"minecraft:wooden_sword":57,"minecraft:oak_boat":2,"minecraft:coarse_dirt":10,"minecraft:bone_meal":61,"minecraft:cherry_boat":1,"create:limestone":2,"minecraft:enchanting_table":1,"minecraft:stone_sword":373,"minecraft:white_tulip":27,"minecraft:stone_shovel":1075,"minecraft:cooked_chicken":2,"minecraft:stone_hoe":217,"minecraft:torch":676,"minecraft:dirt":1132,"projectvibrantjourneys:bones":1,"minecraft:birch_door":1,"minecraft:iron_hoe":35,"minecraft:dark_oak_planks":54,"minecraft:red_tulip":5,"minecraft:iron_axe":255,"minecraft:cherry_slab":1,"minecraft:cherry_trapdoor":2,"minecraft:cooked_beef":7,"minecraft:cherry_log":15,"minecraft:cobbled_deepslate":17,"minecraft:iron_leggings":2,"minecraft:wheat_seeds":291,"minecraft:cooked_mutton":3,"minecraft:water_bucket":63,"minecraft:pink_tulip":7,"minecraft:cobblestone_stairs":52,"minecraft:birch_planks":2,"minecraft:baked_potato":41,"minecraft:birch_boat":2,"minecraft:cherry_planks":26,"minecraft:cobblestone_slab":3359,"minecraft:crafting_table":23,"minecraft:white_bed":13,"minecraft:oak_log":1,"minecraft:cornflower":24,"minecraft:diamond_shovel":76,"projectvibrantjourneys:twigs":1,"minecraft:iron_pickaxe":1203,"minecraft:stone_axe":763,"max_armory:copper_machete":3,"minecraft:fishing_rod":5,"minecraft:cobblestone":301,"minecraft:purple_bed":4,"minecraft:porkchop":5,"minecraft:cooked_porkchop":3,"minecraft:bucket":65,"minecraft:yellow_bed":9,"minecraft:dandelion":25},"minecraft:broken":{"minecraft:iron_shovel":1,"minecraft:stone_pickaxe":15,"minecraft:wooden_sword":1,"minecraft:stone_axe":3,"minecraft:stone_shovel":4,"minecraft:stone_sword":2,"minecraft:stone_hoe":1,"minecraft:leather_boots":1,"minecraft:iron_pickaxe":5},"minecraft:killed":{"minecraft:spider":2,"minecraft:skeleton":6,"minecraft:chicken":4,"ecologics:coconut_crab":1,"minecraft:pig":13,"minecraft:zombie_villager":1,"minecraft:iron_golem":1,"mutantmonsters:mutant_skeleton":1,"minecraft:creeper":2,"hordes:drowned_player":1,"minecraft:sheep":15,"minecraft:trader_llama":2,"minecraft:pillager":1,"minecraft:zombie":27,"minecraft:cow":3,"hordes:zombie_player":23,"minecraft:drowned":2,"minecraft:husk":1,"minecraft:wandering_trader":1,"ecologics:squirrel":1,"minecraft:enderman":2},"minecraft:mined":{"minecraft:dark_oak_planks":52,"minecraft:white_bed":13,"minecraft:oak_sapling":1,"minecraft:farmland":8,"minecraft:cherry_log":228,"minecraft:cobblestone_stairs":6,"minecraft:jungle_leaves":13,"minecraft:cherry_trapdoor":2,"minecraft:grass_block":759,"tacz:gun_smith_table":1,"minecraft:light_blue_stained_glass":3,"minecraft:tall_seagrass":3,"minecraft:iron_ore":38,"minecraft:cobbled_deepslate":3,"minecraft:anvil":1,"minecraft:enchanting_table":1,"minecraft:red_tulip":3,"minecraft:dirt_path":19,"minecraft:pink_tulip":7,"ecologics:walnut_log":3,"create:limestone":10,"projectvibrantjourneys:cattail":1,"projectvibrantjourneys:sea_oats":1,"minecraft:clay":49,"minecraft:torch":54,"projectvibrantjourneys:twigs":3,"minecraft:calcite":11,"minecraft:chest":19,"minecraft:white_stained_glass_pane":4,"minecraft:cobblestone":136,"projectvibrantjourneys:fallen_leaves":1,"minecraft:sugar_cane":22,"minecraft:oak_planks":6,"minecraft:iron_door":3,"minecraft:wall_torch":28,"minecraft:birch_sapling":14,"minecraft:spruce_wall_hanging_sign":1,"minecraft:seagrass":1,"minecraft:birch_log":64,"minecraft:wheat":78,"projectvibrantjourneys:bones":1,"minecraft:orange_tulip":18,"minecraft:smooth_stone_slab":8,"minecraft:grass":114,"minecraft:oak_log":77,"projectvibrantjourneys:short_grass":28,"minecraft:beetroots":1,"minecraft:dark_oak_sapling":40,"minecraft:sand":138,"minecraft:dirt":407,"minecraft:oak_leaves":64,"create:zinc_ore":36,"minecraft:deepslate_tiles":1,"minecraft:blue_stained_glass_pane":3,"minecraft:mossy_cobblestone":1,"minecraft:dark_oak_leaves":128,"minecraft:cherry_sapling":3,"minecraft:dark_oak_log":82,"projectvibrantjourneys:rocks":1,"psg:sulphur_ore":14,"minecraft:dark_oak_fence":1,"minecraft:allium":1,"minecraft:spruce_leaves":1,"minecraft:hay_block":37,"minecraft:redstone_ore":4,"minecraft:furnace":7,"minecraft:carrots":8,"minecraft:potatoes":36,"minecraft:deepslate_iron_ore":5,"minecraft:cobblestone_slab":181,"minecraft:vine":5,"minecraft:stone":2682,"minecraft:white_tulip":22,"minecraft:podzol":3,"minecraft:flowering_azalea":1,"minecraft:cherry_planks":24,"psg:potassium_ore":1,"minecraft:dandelion":21,"minecraft:crafting_table":12,"minecraft:cornflower":17,"ecologics:walnut_leaves":1,"minecraft:tall_grass":59,"minecraft:copper_ore":34,"minecraft:lapis_ore":1,"minecraft:diorite":320,"minecraft:purple_bed":5,"minecraft:coarse_dirt":32,"minecraft:spruce_log":20,"minecraft:birch_leaves":2,"minecraft:yellow_bed":11,"k_turrets:titanium_ore":1,"minecraft:coal_ore":74,"minecraft:cherry_leaves":72,"minecraft:gravel":184,"minecraft:cracked_stone_bricks":1,"ecologics:walnut_planks":1,"minecraft:gold_ore":1,"minecraft:fern":1},"minecraft:dropped":{"minecraft:baked_potato":3,"minecraft:crafting_table":2,"minecraft:dark_oak_sapling":57,"ecologics:walnut_sapling":1,"minecraft:cobblestone_stairs":6,"minecraft:dirt":416,"minecraft:cornflower":4,"minecraft:cooked_cod":2,"minecraft:sand":127,"projectvibrantjourneys:bark_mushroom":2,"minecraft:bone":2,"minecraft:dark_oak_door":2,"minecraft:stone_axe":3,"minecraft:cooked_chicken":5,"minecraft:birch_sapling":4,"minecraft:cherry_sapling":20,"minecraft:rotten_flesh":2,"minecraft:cooked_mutton":5,"minecraft:white_bed":1,"minecraft:carrot":10,"projectvibrantjourneys:light_brown_bark_mushroom":1,"minecraft:leather_boots":1,"create:limestone":8,"k_turrets:raw_titanium":8,"farmersdelight:rope":1,"minecraft:bread":71,"minecraft:enchanted_book":1,"minecraft:wheat_seeds":8,"minecraft:mossy_cobblestone":4,"minecraft:poisonous_potato":1,"minecraft:iron_helmet":1,"minecraft:cobblestone":35,"ecologics:crab_claw":1,"minecraft:copper_ingot":7,"minecraft:golden_apple":1,"minecraft:stick":2,"minecraft:diamond_horse_armor":1,"minecraft:diorite":1,"minecraft:torch":129,"minecraft:cooked_salmon":2,"minecraft:iron_door":2,"minecraft:iron_leggings":1,"minecraft:string":17,"minecraft:lily_pad":12,"create:raw_zinc":5,"minecraft:spruce_sapling":1,"minecraft:dandelion":1,"minecraft:coarse_dirt":9,"minecraft:stone_sword":4,"minecraft:bowl":1,"minecraft:light_gray_terracotta":9,"minecraft:stone_shovel":2,"minecraft:clay_ball":192,"sophisticatedbackpacks:backpack":3,"pointblank:gunmetal_nugget":1,"minecraft:spruce_planks":32,"minecraft:yellow_bed":2,"minecraft:oak_sapling":1,"max_armory:copper_machete":1,"minecraft:spider_eye":1,"minecraft:stone_pickaxe":6,"minecraft:wooden_pickaxe":5,"minecraft:red_tulip":1,"minecraft:calcite":9},"minecraft:picked_up":{"minecraft:iron_chestplate":5,"minecraft:wheat":51,"minecraft:anvil":1,"minecraft:lead":4,"minecraft:oak_stairs":71,"minecraft:enchanted_book":1,"minecraft:string":12,"minecraft:raw_copper":144,"create:limestone":25,"minecraft:smooth_stone_slab":14,"minecraft:iron_leggings":4,"minecraft:deepslate_tiles":2,"minecraft:cobbled_deepslate":15,"minecraft:bucket":4,"minecraft:spruce_planks":142,"minecraft:white_tulip":27,"minecraft:cobblestone_slab":1230,"minecraft:calcite":27,"minecraft:iron_pickaxe":5,"minecraft:dark_oak_door":5,"minecraft:furnace":7,"ecologics:crab_claw":1,"minecraft:stick":245,"ecologics:walnut_log":3,"minecraft:big_dripleaf":3,"minecraft:torch":381,"minecraft:porkchop":33,"psg:sulphur":271,"minecraft:cherry_log":261,"minecraft:diorite":322,"minecraft:stone_sword":20,"minecraft:honey_bottle":2,"minecraft:rotten_flesh":65,"minecraft:tropical_fish":2,"minecraft:red_tulip":7,"farmersdelight:rope":147,"projectvibrantjourneys:cattail":2,"minecraft:spruce_hanging_sign":2,"minecraft:cobblestone":3450,"ecologics:walnut_planks":2,"minecraft:birch_log":95,"minecraft:enchanting_table":1,"minecraft:feather":4,"minecraft:cooked_beef":9,"minecraft:cherry_planks":112,"minecraft:iron_door":5,"minecraft:water_bucket":2,"projectvibrantjourneys:fallen_leaves":3,"minecraft:dark_oak_boat":1,"minecraft:potato":133,"minecraft:flint":15,"create:raw_zinc":123,"minecraft:lapis_lazuli":8,"minecraft:dirt":1778,"minecraft:leather_boots":2,"minecraft:glass":32,"minecraft:bone":26,"ecologics:music_disc_coconut":1,"minecraft:bow":4,"minecraft:wheat_seeds":235,"minecraft:orange_tulip":19,"minecraft:raw_gold":1,"tacz:gun_smith_table":1,"minecraft:stone_hoe":2,"minecraft:oak_planks":172,"minecraft:cooked_porkchop":14,"minecraft:music_disc_13":1,"psg:raw_potassium":8,"minecraft:poisonous_potato":1,"minecraft:sand":141,"ecologics:coconut_husk":8,"minecraft:mossy_cobblestone":5,"minecraft:dark_oak_log":80,"max_armory:copper_machete":2,"minecraft:iron_hoe":2,"minecraft:light_gray_terracotta":9,"minecraft:diamond":20,"minecraft:bone_meal":19,"minecraft:golden_apple":1,"minecraft:emerald":3,"minecraft:golden_horse_armor":1,"minecraft:bread":43,"minecraft:oak_sapling":18,"minecraft:dark_oak_fence":1,"minecraft:coarse_dirt":70,"minecraft:charcoal":18,"minecraft:crafting_table":16,"minecraft:allium":2,"minecraft:chicken":3,"minecraft:clay_ball":196,"minecraft:wooden_pickaxe":6,"minecraft:diamond_horse_armor":3,"minecraft:shield":3,"minecraft:cornflower":32,"minecraft:iron_axe":5,"minecraft:wooden_sword":1,"tacz:ammo":50,"ecologics:walnut_sapling":1,"minecraft:cracked_stone_bricks":3,"minecraft:beef":5,"minecraft:oak_boat":1,"minecraft:sugar_cane":33,"minecraft:chest":20,"minecraft:birch_sapling":45,"minecraft:cherry_trapdoor":4,"minecraft:dark_oak_sapling":195,"minecraft:raw_iron":41,"projectvibrantjourneys:bark_mushroom":5,"minecraft:copper_ingot":20,"minecraft:bowl":4,"sophisticatedbackpacks:backpack":3,"pointblank:gunmetal_nugget":334,"farmersdelight:tomato_seeds":6,"minecraft:carrot":43,"minecraft:redstone":99,"minecraft:iron_horse_armor":1,"minecraft:dark_oak_planks":52,"minecraft:stone_shovel":8,"minecraft:arrow":19,"minecraft:beetroot_seeds":2,"k_turrets:raw_titanium":13,"minecraft:hay_block":52,"minecraft:pink_tulip":7,"minecraft:saddle":1,"minecraft:gold_ingot":4,"minecraft:glow_berries":4,"minecraft:mutton":17,"minecraft:rail":2,"minecraft:white_wool":20,"minecraft:leather":40,"minecraft:birch_planks":19,"minecraft:mushroom_stew":1,"minecraft:oak_log":75,"minecraft:lily_pad":21,"minecraft:yellow_bed":13,"minecraft:cobblestone_wall":2,"minecraft:gunpowder":73,"minecraft:cobblestone_stairs":24,"minecraft:cooked_mutton":9,"minecraft:apple":13,"minecraft:stone_bricks":5,"minecraft:iron_ingot":26,"minecraft:stone_pickaxe":25,"minecraft:cooked_chicken":13,"minecraft:glass_bottle":1,"minecraft:iron_sword":4,"minecraft:flowering_azalea":2,"minecraft:book":2,"minecraft:birch_boat":1,"minecraft:dandelion":26,"minecraft:gravel":191,"projectvibrantjourneys:bones":2,"minecraft:spruce_sapling":1,"minecraft:white_bed":18,"minecraft:spruce_log":35,"minecraft:spider_eye":11,"minecraft:purple_bed":5,"minecraft:stone_axe":12,"tacz:modern_kinetic_gun":2,"minecraft:iron_helmet":6,"minecraft:cherry_sapling":160,"minecraft:baked_potato":19,"projectvibrantjourneys:twigs":1,"minecraft:coal":92,"minecraft:ender_pearl":1},"minecraft:custom":{"minecraft:interact_with_crafting_table":178,"minecraft:open_barrel":6,"minecraft:bell_ring":5,"minecraft:leave_game":18,"minecraft:time_since_death":42655,"minecraft:sprint_one_cm":1381196,"minecraft:damage_blocked_by_shield":375,"minecraft:drop":164,"minecraft:play_time":737540,"minecraft:deaths":52,"minecraft:jump":10311,"minecraft:walk_on_water_one_cm":136292,"minecraft:enchant_item":6,"minecraft:interact_with_furnace":357,"minecraft:play_record":1,"minecraft:sleep_in_bed":59,"minecraft:damage_dealt":31523,"minecraft:player_kills":9,"minecraft:crouch_one_cm":167235,"minecraft:mob_kills":124,"minecraft:interact_with_campfire":3,"minecraft:damage_dealt_resisted":3309,"minecraft:climb_one_cm":8516,"minecraft:walk_one_cm":2541364,"minecraft:sneak_time":52177,"minecraft:walk_under_water_one_cm":219374,"minecraft:boat_one_cm":537271,"minecraft:total_world_time":737540,"minecraft:time_since_rest":36271,"minecraft:damage_taken":29743,"minecraft:swim_one_cm":96600,"minecraft:fly_one_cm":2237594,"minecraft:open_chest":1098,"minecraft:fall_one_cm":345918},"minecraft:killed_by":{"minecraft:creeper":1,"minecraft:zombie_horse":1,"minecraft:drowned":2,"hordes:drowned_player":2,"minecraft:zombie":8,"minecraft:player":3,"hordes:zombie_player":3,"mutantmonsters:mutant_skeleton":1,"minecraft:skeleton":1}},"DataVersion":3465}