{"stats":{"minecraft:crafted":{"minecraft:oak_planks":212,"minecraft:birch_boat":1,"ecologics:walnut_planks":12,"minecraft:birch_slab":12,"minecraft:cobblestone_stairs":52,"minecraft:diamond_shovel":1,"minecraft:cooked_mutton":17,"minecraft:chest":18,"minecraft:birch_door":3,"minecraft:stone_hoe":1,"minecraft:cooked_porkchop":22,"minecraft:crafting_table":15,"minecraft:spruce_planks":64,"minecraft:wooden_pickaxe":2,"minecraft:baked_potato":28,"minecraft:birch_planks":92,"minecraft:stick":116,"minecraft:iron_pickaxe":3,"minecraft:iron_ingot":14,"minecraft:stone_sword":8,"minecraft:composter":1,"minecraft:cherry_planks":112,"minecraft:stone_shovel":5,"minecraft:furnace":20,"minecraft:bone_meal":33,"minecraft:stone_pickaxe":11,"minecraft:dark_oak_planks":20,"minecraft:wheat":261,"minecraft:cooked_beef":2,"minecraft:iron_sword":1,"minecraft:bucket":1,"minecraft:bone":1,"minecraft:stone_axe":11,"minecraft:bread":88,"minecraft:air":0,"minecraft:oak_boat":2,"minecraft:iron_shovel":1,"minecraft:torch":208},"minecraft:used":{"minecraft:cherry_sapling":5,"minecraft:iron_shovel":278,"minecraft:chest":31,"minecraft:shield":15,"minecraft:iron_sword":7,"minecraft:rotten_flesh":6,"minecraft:iron_chestplate":2,"minecraft:carrot":42,"minecraft:allium":2,"minecraft:birch_sapling":2,"minecraft:iron_helmet":2,"ecologics:walnut_planks":2,"minecraft:bow":2,"minecraft:hay_block":9,"minecraft:furnace":25,"minecraft:oak_sapling":12,"minecraft:potato":42,"minecraft:stone_pickaxe":791,"minecraft:oak_planks":15,"minecraft:lily_pad":2,"minecraft:orange_tulip":18,"minecraft:wooden_pickaxe":10,"minecraft:composter":1,"minecraft:white_wool":1,"minecraft:bread":15,"minecraft:gravel":16,"minecraft:wooden_sword":57,"minecraft:oak_boat":2,"minecraft:coarse_dirt":10,"minecraft:bone_meal":41,"create:limestone":2,"minecraft:stone_sword":357,"minecraft:white_tulip":19,"minecraft:stone_shovel":629,"minecraft:stone_hoe":63,"minecraft:cooked_chicken":2,"minecraft:torch":154,"minecraft:dirt":628,"projectvibrantjourneys:bones":1,"minecraft:birch_door":1,"minecraft:iron_hoe":35,"minecraft:dark_oak_planks":49,"minecraft:red_tulip":3,"minecraft:cooked_beef":7,"minecraft:cobbled_deepslate":11,"minecraft:iron_leggings":2,"minecraft:wheat_seeds":64,"minecraft:cooked_mutton":3,"minecraft:water_bucket":35,"minecraft:pink_tulip":7,"minecraft:cobblestone_stairs":52,"minecraft:birch_planks":2,"minecraft:baked_potato":23,"minecraft:birch_boat":2,"minecraft:crafting_table":21,"minecraft:white_bed":11,"minecraft:oak_log":1,"minecraft:cornflower":9,"minecraft:diamond_shovel":76,"projectvibrantjourneys:twigs":1,"minecraft:iron_pickaxe":992,"minecraft:stone_axe":650,"max_armory:copper_machete":3,"minecraft:cobblestone":202,"minecraft:purple_bed":4,"minecraft:porkchop":5,"minecraft:cooked_porkchop":3,"minecraft:bucket":36,"minecraft:yellow_bed":9,"minecraft:dandelion":19},"minecraft:broken":{"minecraft:iron_shovel":1,"minecraft:stone_pickaxe":3,"minecraft:wooden_sword":1,"minecraft:stone_axe":3,"minecraft:stone_shovel":1,"minecraft:stone_sword":2,"minecraft:leather_boots":1,"minecraft:iron_pickaxe":4},"minecraft:killed":{"minecraft:spider":2,"minecraft:skeleton":4,"minecraft:chicken":4,"ecologics:coconut_crab":1,"minecraft:pig":13,"minecraft:iron_golem":1,"mutantmonsters:mutant_skeleton":1,"minecraft:creeper":1,"minecraft:sheep":15,"minecraft:trader_llama":2,"minecraft:pillager":1,"minecraft:zombie":20,"minecraft:cow":3,"hordes:zombie_player":14,"minecraft:drowned":1,"minecraft:wandering_trader":1,"ecologics:squirrel":1,"minecraft:enderman":1},"minecraft:mined":{"minecraft:dark_oak_planks":40,"minecraft:white_bed":10,"minecraft:oak_sapling":1,"minecraft:farmland":7,"minecraft:cherry_log":52,"minecraft:cobblestone_stairs":6,"minecraft:jungle_leaves":13,"minecraft:grass_block":478,"tacz:gun_smith_table":1,"minecraft:light_blue_stained_glass":3,"minecraft:tall_seagrass":2,"minecraft:iron_ore":29,"minecraft:cobbled_deepslate":3,"minecraft:anvil":1,"minecraft:enchanting_table":1,"minecraft:red_tulip":3,"minecraft:dirt_path":19,"minecraft:pink_tulip":7,"ecologics:walnut_log":3,"create:limestone":10,"projectvibrantjourneys:cattail":1,"projectvibrantjourneys:sea_oats":1,"minecraft:torch":12,"projectvibrantjourneys:twigs":3,"minecraft:calcite":11,"minecraft:chest":14,"minecraft:white_stained_glass_pane":4,"minecraft:cobblestone":57,"projectvibrantjourneys:fallen_leaves":1,"minecraft:oak_planks":6,"minecraft:iron_door":3,"minecraft:wall_torch":21,"minecraft:spruce_wall_hanging_sign":1,"minecraft:seagrass":1,"minecraft:birch_log":23,"minecraft:wheat":16,"projectvibrantjourneys:bones":1,"minecraft:orange_tulip":18,"minecraft:smooth_stone_slab":8,"minecraft:grass":112,"minecraft:oak_log":77,"projectvibrantjourneys:short_grass":28,"minecraft:beetroots":1,"minecraft:sand":127,"minecraft:dirt":263,"minecraft:oak_leaves":64,"create:zinc_ore":24,"minecraft:deepslate_tiles":1,"minecraft:blue_stained_glass_pane":3,"minecraft:mossy_cobblestone":1,"minecraft:dark_oak_leaves":128,"minecraft:cherry_sapling":2,"minecraft:dark_oak_log":82,"projectvibrantjourneys:rocks":1,"psg:sulphur_ore":5,"minecraft:allium":1,"minecraft:spruce_leaves":1,"minecraft:hay_block":37,"minecraft:redstone_ore":4,"minecraft:furnace":6,"minecraft:carrots":8,"minecraft:potatoes":18,"minecraft:deepslate_iron_ore":5,"minecraft:vine":4,"minecraft:white_tulip":19,"minecraft:stone":1461,"minecraft:podzol":1,"minecraft:dandelion":20,"minecraft:cornflower":10,"minecraft:crafting_table":11,"ecologics:walnut_leaves":1,"minecraft:tall_grass":59,"minecraft:copper_ore":7,"minecraft:lapis_ore":1,"minecraft:diorite":1,"minecraft:purple_bed":5,"minecraft:coarse_dirt":24,"minecraft:spruce_log":20,"minecraft:yellow_bed":11,"k_turrets:titanium_ore":1,"minecraft:coal_ore":69,"minecraft:cherry_leaves":43,"minecraft:gravel":120,"minecraft:cracked_stone_bricks":1,"ecologics:walnut_planks":1,"minecraft:gold_ore":1,"minecraft:fern":1},"minecraft:dropped":{"minecraft:baked_potato":3,"minecraft:crafting_table":2,"ecologics:walnut_sapling":1,"minecraft:cobblestone_stairs":6,"minecraft:dirt":6,"minecraft:cornflower":4,"minecraft:sand":127,"projectvibrantjourneys:bark_mushroom":2,"minecraft:bone":2,"minecraft:dark_oak_door":1,"minecraft:stone_axe":2,"minecraft:cooked_chicken":5,"minecraft:birch_sapling":4,"minecraft:rotten_flesh":1,"minecraft:cooked_mutton":5,"minecraft:carrot":10,"projectvibrantjourneys:light_brown_bark_mushroom":1,"minecraft:leather_boots":1,"k_turrets:raw_titanium":8,"create:limestone":8,"minecraft:enchanted_book":1,"minecraft:bread":63,"minecraft:wheat_seeds":8,"minecraft:mossy_cobblestone":4,"minecraft:iron_helmet":1,"minecraft:cobblestone":35,"ecologics:crab_claw":1,"minecraft:copper_ingot":7,"minecraft:golden_apple":1,"minecraft:stick":2,"minecraft:diamond_horse_armor":1,"minecraft:diorite":1,"minecraft:torch":33,"minecraft:iron_door":2,"minecraft:iron_leggings":1,"minecraft:string":17,"minecraft:lily_pad":6,"create:raw_zinc":5,"minecraft:spruce_sapling":1,"minecraft:coarse_dirt":9,"minecraft:stone_sword":3,"minecraft:light_gray_terracotta":9,"minecraft:stone_shovel":2,"sophisticatedbackpacks:backpack":1,"minecraft:spruce_planks":32,"minecraft:yellow_bed":2,"minecraft:oak_sapling":1,"max_armory:copper_machete":1,"minecraft:spider_eye":1,"minecraft:stone_pickaxe":4,"minecraft:wooden_pickaxe":4,"minecraft:red_tulip":1,"minecraft:calcite":9},"minecraft:picked_up":{"minecraft:iron_chestplate":5,"minecraft:anvil":1,"minecraft:lead":4,"minecraft:oak_stairs":71,"minecraft:enchanted_book":1,"minecraft:string":12,"create:limestone":25,"minecraft:raw_copper":46,"minecraft:smooth_stone_slab":14,"minecraft:iron_leggings":4,"minecraft:deepslate_tiles":2,"minecraft:cobbled_deepslate":13,"minecraft:bucket":2,"minecraft:spruce_planks":142,"minecraft:white_tulip":20,"minecraft:calcite":27,"minecraft:iron_pickaxe":3,"minecraft:dark_oak_door":4,"minecraft:furnace":6,"ecologics:crab_claw":1,"minecraft:stick":128,"ecologics:walnut_log":3,"minecraft:torch":114,"minecraft:porkchop":33,"psg:sulphur":228,"minecraft:cherry_log":50,"minecraft:diorite":3,"minecraft:stone_sword":19,"minecraft:rotten_flesh":27,"minecraft:honey_bottle":2,"minecraft:red_tulip":6,"farmersdelight:rope":146,"projectvibrantjourneys:cattail":2,"minecraft:spruce_hanging_sign":2,"minecraft:cobblestone":2087,"ecologics:walnut_planks":2,"minecraft:birch_log":23,"minecraft:enchanting_table":1,"minecraft:feather":4,"minecraft:cooked_beef":9,"minecraft:iron_door":5,"minecraft:water_bucket":2,"projectvibrantjourneys:fallen_leaves":3,"minecraft:potato":68,"minecraft:flint":8,"create:raw_zinc":111,"minecraft:lapis_lazuli":8,"minecraft:dirt":1253,"minecraft:leather_boots":2,"minecraft:glass":32,"minecraft:bone":25,"minecraft:bow":3,"minecraft:orange_tulip":19,"minecraft:wheat_seeds":87,"minecraft:raw_gold":1,"tacz:gun_smith_table":1,"minecraft:oak_planks":172,"minecraft:cooked_porkchop":14,"minecraft:music_disc_13":1,"psg:raw_potassium":5,"minecraft:sand":129,"minecraft:dark_oak_log":80,"minecraft:mossy_cobblestone":5,"max_armory:copper_machete":2,"minecraft:iron_hoe":2,"minecraft:light_gray_terracotta":9,"minecraft:diamond":20,"minecraft:bone_meal":8,"minecraft:golden_apple":1,"minecraft:bread":34,"minecraft:golden_horse_armor":1,"minecraft:emerald":3,"minecraft:oak_sapling":18,"minecraft:crafting_table":14,"minecraft:coarse_dirt":24,"minecraft:allium":2,"minecraft:chicken":3,"minecraft:wooden_pickaxe":5,"minecraft:diamond_horse_armor":3,"minecraft:shield":3,"minecraft:cornflower":14,"minecraft:wooden_sword":1,"ecologics:walnut_sapling":1,"minecraft:cracked_stone_bricks":3,"minecraft:beef":5,"minecraft:oak_boat":1,"minecraft:birch_sapling":8,"minecraft:chest":15,"minecraft:dark_oak_sapling":56,"minecraft:raw_iron":32,"projectvibrantjourneys:bark_mushroom":3,"minecraft:copper_ingot":20,"minecraft:bowl":4,"sophisticatedbackpacks:backpack":1,"pointblank:gunmetal_nugget":286,"farmersdelight:tomato_seeds":6,"minecraft:carrot":43,"minecraft:redstone":99,"minecraft:iron_horse_armor":1,"minecraft:dark_oak_planks":40,"minecraft:stone_shovel":4,"minecraft:arrow":19,"minecraft:beetroot_seeds":2,"k_turrets:raw_titanium":13,"minecraft:hay_block":52,"minecraft:pink_tulip":7,"minecraft:saddle":1,"minecraft:gold_ingot":4,"minecraft:mutton":17,"minecraft:white_wool":20,"minecraft:rail":2,"minecraft:leather":40,"minecraft:birch_planks":19,"minecraft:oak_log":75,"minecraft:lily_pad":8,"minecraft:yellow_bed":13,"minecraft:gunpowder":73,"minecraft:cobblestone_wall":2,"minecraft:cobblestone_stairs":24,"minecraft:cooked_mutton":9,"minecraft:apple":8,"minecraft:stone_bricks":5,"minecraft:iron_ingot":26,"minecraft:stone_pickaxe":17,"minecraft:cooked_chicken":13,"minecraft:glass_bottle":1,"minecraft:book":2,"minecraft:birch_boat":1,"minecraft:dandelion":21,"minecraft:gravel":130,"projectvibrantjourneys:bones":2,"minecraft:spruce_sapling":1,"minecraft:white_bed":14,"minecraft:spruce_log":35,"minecraft:spider_eye":11,"minecraft:purple_bed":5,"minecraft:stone_axe":10,"minecraft:iron_helmet":6,"minecraft:cherry_sapling":25,"minecraft:baked_potato":10,"projectvibrantjourneys:twigs":1,"minecraft:coal":86,"minecraft:ender_pearl":1},"minecraft:custom":{"minecraft:interact_with_crafting_table":108,"minecraft:open_barrel":1,"minecraft:bell_ring":5,"minecraft:leave_game":9,"minecraft:time_since_death":1831,"minecraft:sprint_one_cm":702613,"minecraft:damage_blocked_by_shield":375,"minecraft:drop":120,"minecraft:play_time":369028,"minecraft:deaths":38,"minecraft:jump":5917,"minecraft:walk_on_water_one_cm":84451,"minecraft:interact_with_furnace":170,"minecraft:sleep_in_bed":45,"minecraft:damage_dealt":21792,"minecraft:player_kills":5,"minecraft:crouch_one_cm":75065,"minecraft:mob_kills":97,"minecraft:interact_with_campfire":3,"minecraft:damage_dealt_resisted":2567,"minecraft:climb_one_cm":7096,"minecraft:walk_one_cm":1297721,"minecraft:sneak_time":25618,"minecraft:walk_under_water_one_cm":104676,"minecraft:boat_one_cm":285570,"minecraft:total_world_time":369028,"minecraft:time_since_rest":1857,"minecraft:damage_taken":16254,"minecraft:swim_one_cm":64602,"minecraft:fly_one_cm":1183967,"minecraft:open_chest":522,"minecraft:fall_one_cm":170632},"minecraft:killed_by":{"minecraft:creeper":1,"minecraft:drowned":2,"hordes:drowned_player":1,"minecraft:zombie":5,"minecraft:player":3,"hordes:zombie_player":2,"mutantmonsters:mutant_skeleton":1}},"DataVersion":3465}