{"stats":{"minecraft:custom":{"minecraft:mob_kills":51,"minecraft:interact_with_crafting_table":65,"minecraft:bell_ring":5,"minecraft:damage_dealt_resisted":1641,"minecraft:leave_game":5,"minecraft:time_since_death":0,"minecraft:climb_one_cm":5256,"minecraft:sprint_one_cm":396981,"minecraft:walk_one_cm":812137,"minecraft:damage_blocked_by_shield":375,"minecraft:drop":81,"minecraft:play_time":199576,"minecraft:sneak_time":9089,"minecraft:deaths":18,"minecraft:walk_under_water_one_cm":2271,"minecraft:jump":2959,"minecraft:walk_on_water_one_cm":12051,"minecraft:total_world_time":199576,"minecraft:interact_with_furnace":95,"minecraft:sleep_in_bed":23,"minecraft:time_since_rest":433,"minecraft:damage_taken":5914,"minecraft:damage_dealt":12842,"minecraft:player_kills":4,"minecraft:swim_one_cm":8237,"minecraft:fly_one_cm":598912,"minecraft:open_chest":344,"minecraft:crouch_one_cm":25861,"minecraft:fall_one_cm":61209},"minecraft:used":{"minecraft:iron_shovel":278,"create:limestone":2,"minecraft:stone_sword":233,"minecraft:stone_shovel":392,"minecraft:chest":27,"minecraft:shield":15,"minecraft:cooked_chicken":2,"minecraft:iron_chestplate":2,"minecraft:torch":136,"minecraft:dirt":303,"minecraft:carrot":6,"minecraft:iron_hoe":35,"minecraft:iron_helmet":2,"ecologics:walnut_planks":2,"minecraft:bow":2,"minecraft:hay_block":9,"minecraft:oak_sapling":12,"minecraft:furnace":11,"minecraft:cooked_beef":2,"minecraft:cobbled_deepslate":11,"minecraft:potato":18,"minecraft:iron_leggings":2,"minecraft:wheat_seeds":9,"minecraft:water_bucket":35,"minecraft:cobblestone_stairs":52,"minecraft:baked_potato":12,"minecraft:stone_pickaxe":519,"minecraft:oak_planks":6,"minecraft:wooden_pickaxe":7,"minecraft:crafting_table":13,"minecraft:white_bed":11,"minecraft:oak_log":1,"minecraft:bread":14,"minecraft:iron_pickaxe":992,"minecraft:gravel":11,"minecraft:stone_axe":240,"max_armory:copper_machete":3,"minecraft:wooden_sword":57,"minecraft:cobblestone":137,"minecraft:porkchop":2,"minecraft:cooked_porkchop":3,"minecraft:bucket":36,"minecraft:yellow_bed":7,"minecraft:oak_boat":1,"minecraft:coarse_dirt":10,"minecraft:bone_meal":18},"minecraft:picked_up":{"minecraft:iron_chestplate":5,"minecraft:coarse_dirt":16,"minecraft:crafting_table":9,"minecraft:chicken":3,"minecraft:anvil":1,"minecraft:lead":4,"minecraft:wooden_pickaxe":5,"minecraft:enchanted_book":1,"minecraft:diamond_horse_armor":2,"minecraft:shield":3,"minecraft:string":10,"minecraft:raw_copper":46,"create:limestone":25,"minecraft:wooden_sword":1,"minecraft:smooth_stone_slab":14,"minecraft:iron_leggings":4,"ecologics:walnut_sapling":1,"minecraft:cracked_stone_bricks":3,"minecraft:deepslate_tiles":2,"minecraft:bucket":2,"minecraft:spruce_planks":142,"minecraft:oak_boat":1,"minecraft:calcite":23,"minecraft:iron_pickaxe":3,"minecraft:chest":9,"minecraft:birch_sapling":6,"minecraft:furnace":3,"minecraft:dark_oak_door":2,"minecraft:raw_iron":32,"minecraft:stick":41,"spore:wing_membrane":4,"ecologics:walnut_log":3,"minecraft:copper_ingot":19,"projectvibrantjourneys:bark_mushroom":3,"minecraft:torch":108,"minecraft:bowl":4,"sophisticatedbackpacks:backpack":1,"minecraft:porkchop":26,"pointblank:gunmetal_nugget":112,"psg:sulphur":46,"farmersdelight:tomato_seeds":6,"minecraft:diorite":3,"minecraft:carrot":16,"minecraft:redstone":53,"minecraft:iron_horse_armor":1,"minecraft:stone_sword":11,"minecraft:arrow":19,"minecraft:stone_shovel":3,"minecraft:honey_bottle":2,"minecraft:rotten_flesh":12,"minecraft:beetroot_seeds":2,"k_turrets:raw_titanium":9,"minecraft:hay_block":52,"farmersdelight:rope":146,"projectvibrantjourneys:cattail":2,"minecraft:saddle":1,"minecraft:spruce_hanging_sign":2,"minecraft:mutton":7,"minecraft:rail":2,"minecraft:white_wool":5,"minecraft:cobblestone":1662,"minecraft:birch_log":11,"minecraft:enchanting_table":1,"ecologics:walnut_planks":2,"minecraft:feather":4,"minecraft:cooked_beef":4,"minecraft:iron_door":4,"minecraft:water_bucket":2,"projectvibrantjourneys:fallen_leaves":3,"minecraft:leather":26,"minecraft:potato":28,"minecraft:birch_planks":19,"minecraft:flint":3,"minecraft:oak_log":61,"create:raw_zinc":49,"minecraft:yellow_bed":9,"minecraft:cobblestone_wall":2,"minecraft:gunpowder":35,"minecraft:cobblestone_stairs":24,"minecraft:dirt":725,"minecraft:cooked_mutton":4,"minecraft:leather_boots":2,"minecraft:glass":32,"minecraft:bone":14,"minecraft:apple":3,"minecraft:bow":1,"minecraft:wheat_seeds":82,"minecraft:raw_gold":1,"minecraft:iron_ingot":6,"minecraft:stone_pickaxe":11,"minecraft:cooked_chicken":13,"spore:mutated_fiber":29,"minecraft:glass_bottle":1,"minecraft:oak_planks":115,"minecraft:book":2,"minecraft:cooked_porkchop":6,"psg:raw_potassium":5,"minecraft:gravel":81,"minecraft:sand":127,"minecraft:spruce_sapling":1,"minecraft:white_bed":14,"minecraft:spruce_log":35,"minecraft:spider_eye":4,"max_armory:copper_machete":2,"minecraft:mossy_cobblestone":4,"minecraft:iron_hoe":2,"minecraft:stone_axe":7,"minecraft:iron_helmet":6,"minecraft:golden_apple":1,"minecraft:golden_horse_armor":1,"minecraft:bread":30,"spore:spine_fragment":1,"minecraft:baked_potato":10,"minecraft:oak_sapling":18,"minecraft:coal":68,"minecraft:ender_pearl":1},"minecraft:killed_by":{"minecraft:player":2,"spore:busser":2,"spore:inquisitor":1,"spore:inf_wanderer":1,"spore:inf_player":10,"mutantmonsters:mutant_skeleton":1},"minecraft:crafted":{"minecraft:oak_planks":164,"minecraft:stone_shovel":3,"ecologics:walnut_planks":12,"minecraft:furnace":13,"minecraft:cobblestone_stairs":52,"minecraft:bone_meal":18,"minecraft:cooked_mutton":7,"minecraft:stone_pickaxe":5,"minecraft:chest":18,"minecraft:wheat":261,"minecraft:cooked_porkchop":18,"minecraft:crafting_table":7,"minecraft:spruce_planks":64,"minecraft:wooden_pickaxe":1,"minecraft:baked_potato":15,"minecraft:bucket":1,"minecraft:birch_planks":44,"minecraft:stone_axe":5,"minecraft:bread":87,"minecraft:air":0,"minecraft:oak_boat":1,"minecraft:stick":80,"minecraft:iron_ingot":14,"minecraft:iron_pickaxe":3,"minecraft:stone_sword":3,"minecraft:iron_shovel":1,"minecraft:torch":188},"minecraft:dropped":{"minecraft:enchanted_book":1,"minecraft:bread":63,"minecraft:wheat_seeds":6,"minecraft:baked_potato":3,"minecraft:mossy_cobblestone":3,"minecraft:iron_helmet":1,"minecraft:cobblestone":35,"ecologics:walnut_sapling":1,"minecraft:golden_apple":1,"minecraft:stick":2,"minecraft:cobblestone_stairs":6,"minecraft:diamond_horse_armor":1,"minecraft:diorite":1,"minecraft:torch":33,"minecraft:iron_door":2,"minecraft:iron_leggings":1,"minecraft:sand":127,"projectvibrantjourneys:bark_mushroom":2,"create:raw_zinc":5,"minecraft:spruce_sapling":1,"minecraft:stone_axe":2,"minecraft:cooked_chicken":5,"minecraft:coarse_dirt":1,"minecraft:stone_sword":3,"minecraft:birch_sapling":4,"minecraft:stone_shovel":1,"sophisticatedbackpacks:backpack":1,"minecraft:spruce_planks":32,"minecraft:leather_boots":1,"create:limestone":8,"k_turrets:raw_titanium":4,"max_armory:copper_machete":1,"minecraft:stone_pickaxe":3,"minecraft:wooden_pickaxe":3,"minecraft:calcite":9},"minecraft:mined":{"create:zinc_ore":24,"minecraft:deepslate_tiles":1,"minecraft:white_bed":10,"minecraft:oak_sapling":1,"minecraft:farmland":7,"minecraft:blue_stained_glass_pane":3,"minecraft:mossy_cobblestone":1,"minecraft:cobblestone_stairs":6,"projectvibrantjourneys:rocks":1,"psg:sulphur_ore":5,"minecraft:grass_block":279,"minecraft:spruce_leaves":1,"minecraft:light_blue_stained_glass":3,"minecraft:hay_block":37,"minecraft:redstone_ore":4,"minecraft:carrots":8,"minecraft:furnace":3,"minecraft:iron_ore":29,"minecraft:anvil":1,"minecraft:enchanting_table":1,"minecraft:potatoes":8,"minecraft:dirt_path":19,"minecraft:vine":1,"minecraft:deepslate_iron_ore":5,"ecologics:walnut_log":3,"minecraft:stone":1257,"create:limestone":10,"projectvibrantjourneys:cattail":1,"minecraft:crafting_table":10,"minecraft:torch":8,"projectvibrantjourneys:twigs":3,"minecraft:calcite":7,"ecologics:walnut_leaves":1,"minecraft:chest":9,"minecraft:white_stained_glass_pane":2,"minecraft:copper_ore":7,"minecraft:tall_grass":45,"minecraft:cobblestone":44,"projectvibrantjourneys:fallen_leaves":1,"minecraft:oak_planks":6,"minecraft:diorite":1,"minecraft:iron_door":2,"minecraft:wall_torch":21,"minecraft:spruce_wall_hanging_sign":1,"minecraft:seagrass":1,"minecraft:coarse_dirt":16,"minecraft:birch_log":11,"minecraft:wheat":16,"minecraft:spruce_log":20,"projectvibrantjourneys:bones":1,"minecraft:smooth_stone_slab":8,"minecraft:yellow_bed":8,"minecraft:grass":99,"k_turrets:titanium_ore":1,"minecraft:coal_ore":63,"minecraft:oak_log":65,"projectvibrantjourneys:short_grass":22,"minecraft:beetroots":1,"minecraft:gravel":69,"minecraft:dirt":227,"minecraft:sand":127,"minecraft:cracked_stone_bricks":1,"ecologics:walnut_planks":1,"minecraft:gold_ore":1,"minecraft:oak_leaves":60},"minecraft:broken":{"minecraft:iron_shovel":1,"minecraft:stone_sword":2,"minecraft:stone_pickaxe":2,"minecraft:wooden_sword":1,"minecraft:leather_boots":1,"minecraft:stone_axe":1,"minecraft:iron_pickaxe":4,"minecraft:stone_shovel":1},"minecraft:killed":{"hordes:zombie_player":5,"minecraft:skeleton":3,"minecraft:chicken":3,"minecraft:pig":10,"spore:inf_player":9,"minecraft:iron_golem":1,"minecraft:wandering_trader":1,"mutantmonsters:mutant_skeleton":1,"minecraft:creeper":1,"minecraft:sheep":7,"minecraft:trader_llama":2,"minecraft:pillager":1,"minecraft:zombie":4,"ecologics:squirrel":1,"spore:busser":1,"minecraft:enderman":1}},"DataVersion":3465}